county,year,diagnosis,hum_cases,catt_cases,cam_cases,goat_cases,shp_cases,catt_pop,goat_pop,sheep_pop,cam_pop,pop,hum_incidence,catt_incidence,cam_incidence,goat_incidence,shp_incidence
Baringo,2014,Clinically confirmed,1898,0,0,0,0,409846,933727,343343,38500,598102,3173.37176601984,0,0,0,0
Baringo,2014,Lab confirmed,0,0,0,0,0,409846,933727,343343,38500,598102,0,0,0,0,0
Baringo,2015,Clinically confirmed,2063,0,0,0,0,409846,933727,343343,38500,611244,3375.08425440577,0,0,0,0
Baringo,2015,Lab confirmed,4624,0,0,0,0,409846,933727,343343,38500,611244,7564.90043256048,0,0,0,0
Baringo,2016,Clinically confirmed,2439,0,0,0,0,409846,933727,343343,38500,624675,3904.43030375795,0,0,0,0
Baringo,2016,Lab confirmed,7049,0,0,0,0,409846,933727,343343,38500,624675,11284.267819266,0,0,0,0
Baringo,2017,Clinically confirmed,2621,0,0,0,0,409846,933727,343343,38500,638401,4105.57001007204,0,0,0,0
Baringo,2017,Lab confirmed,6150,0,0,0,0,409846,933727,343343,38500,638401,9633.44355663603,0,0,0,0
Baringo,2018,Clinically confirmed,3542,0,0,0,0,409846,933727,343343,38500,652428,5428.9515471439,0,0,0,0
Baringo,2018,Lab confirmed,11345,0,0,0,0,409846,933727,343343,38500,652428,17388.8919543612,0,0,0,0
Baringo,2019,Clinically confirmed,4173,3,0,6,6,409846,933727,343343,38500,666763,6258.59563293104,7.31982256750096,0,6.42586109216077,17.4752361341283
Baringo,2019,Lab confirmed,13295,24,0,0,0,409846,933727,343343,38500,666763,19939.6187250942,58.5585805400077,0,0,0
Baringo,2020,Clinically confirmed,5078,0,0,0,0,409846,933727,343343,38500,687000,7391.55749636099,0,0,0,0
Baringo,2020,Lab confirmed,15179,0,0,0,0,409846,933727,343343,38500,687000,22094.6142649199,0,0,0,0
Baringo,2021,Clinically confirmed,5263,0,0,0,0,409846,933727,343343,38500,702000,7497.150997151,0,0,0,0
Baringo,2021,Lab confirmed,15337,0,0,0,0,409846,933727,343343,38500,702000,21847.5783475783,0,0,0,0
Baringo,2022,Clinically confirmed,4665,0,0,0,0,409846,933727,343343,38500,718000,6497.21448467967,0,0,0,0
Baringo,2022,Lab confirmed,13805,0,0,0,0,409846,933727,343343,38500,718000,19227.0194986072,0,0,0,0
Bomet,2014,Clinically confirmed,2111,0,0,0,0,318209,76459,80492,0,817740,2581.50512387801,0,,0,0
Bomet,2014,Lab confirmed,0,0,0,0,0,318209,76459,80492,0,817740,0,0,,0,0
Bomet,2015,Clinically confirmed,2731,0,0,0,0,318209,76459,80492,0,829015,3294.27091186529,0,,0,0
Bomet,2015,Lab confirmed,5675,0,0,0,0,318209,76459,80492,0,829015,6845.47324234182,0,,0,0
Bomet,2016,Clinically confirmed,1572,0,0,0,0,318209,76459,80492,0,840445,1870.43768479793,0,,0,0
Bomet,2016,Lab confirmed,11392,0,0,0,0,318209,76459,80492,0,840445,13554.7239855077,0,,0,0
Bomet,2017,Clinically confirmed,1017,0,0,0,0,318209,76459,80492,0,852033,1193.61574023541,0,,0,0
Bomet,2017,Lab confirmed,5991,0,0,0,0,318209,76459,80492,0,852033,7031.417797198,0,,0,0
Bomet,2018,Clinically confirmed,1520,6,0,0,0,318209,76459,80492,0,863780,1759.70733288569,18.8555320559758,,0,0
Bomet,2018,Lab confirmed,9532,0,0,0,0,318209,76459,80492,0,863780,11035.2173007016,0,,0,0
Bomet,2019,Clinically confirmed,1807,6,0,0,0,318209,76459,80492,0,875689,2063.5179841245,18.8555320559758,,0,0
Bomet,2019,Lab confirmed,12660,0,0,0,0,318209,76459,80492,0,875689,14457.1874261296,0,,0,0
Bomet,2019,Post Mortem,0,4,0,0,0,318209,76459,80492,0,875689,0,12.5703547039839,,0,0
Bomet,2020,Clinically confirmed,1328,0,0,0,0,318209,76459,80492,0,902000,1472.28381374723,0,,0,0
Bomet,2020,Lab confirmed,8424,0,0,0,0,318209,76459,80492,0,902000,9339.24611973393,0,,0,0
Bomet,2021,Clinically confirmed,1450,2,0,0,0,318209,76459,80492,0,914000,1586.43326039387,6.28517735199193,,0,0
Bomet,2021,Lab confirmed,7823,0,0,0,0,318209,76459,80492,0,914000,8559.08096280088,0,,0,0
Bomet,2022,Clinically confirmed,726,0,0,1,0,318209,76459,80492,0,927000,783.171521035599,0,,13.0789050340705,0
Bomet,2022,Lab confirmed,4194,0,0,0,0,318209,76459,80492,0,927000,4524.27184466019,0,,0,0
Bungoma,2014,Clinically confirmed,1929,0,0,0,0,351259,109693,78494,0,1537222,1254.86104154117,0,,0,0
Bungoma,2014,Lab confirmed,36,0,0,0,0,351259,109693,78494,0,1537222,23.4188685824169,0,,0,0
Bungoma,2015,Clinically confirmed,2438,0,0,0,0,351259,109693,78494,0,1563012,1559.8088818256,0,,0,0
Bungoma,2015,Lab confirmed,13840,0,0,0,0,351259,109693,78494,0,1563012,8854.69849239801,0,,0,0
Bungoma,2016,Clinically confirmed,4164,0,0,0,0,351259,109693,78494,0,1589234,2620.13020109059,0,,0,0
Bungoma,2016,Lab confirmed,23961,0,0,0,0,351259,109693,78494,0,1589234,15077.0748675148,0,,0,0
Bungoma,2017,Clinically confirmed,4444,0,0,0,0,351259,109693,78494,0,1615896,2750.17699158857,0,,0,0
Bungoma,2017,Lab confirmed,25565,0,0,0,0,351259,109693,78494,0,1615896,15820.9439221336,0,,0,0
Bungoma,2018,Clinically confirmed,6037,0,0,0,0,351259,109693,78494,0,1643006,3674.36272296023,0,,0,0
Bungoma,2018,Lab confirmed,34144,0,0,0,0,351259,109693,78494,0,1643006,20781.4213703419,0,,0,0
Bungoma,2019,Clinically confirmed,7793,0,0,0,0,351259,109693,78494,0,1670570,4664.87486307069,0,,0,0
Bungoma,2019,Lab confirmed,33968,0,0,0,0,351259,109693,78494,0,1670570,20333.1796931586,0,,0,0
Bungoma,2020,Clinically confirmed,9025,0,0,0,0,351259,109693,78494,0,1700000,5308.82352941177,0,,0,0
Bungoma,2020,Lab confirmed,36454,0,0,2,0,351259,109693,78494,0,1700000,21443.5294117647,0,,18.2327040011669,0
Bungoma,2021,Clinically confirmed,10020,4,0,2,0,351259,109693,78494,0,1729000,5795.25737420474,11.3876085737305,,18.2327040011669,0
Bungoma,2021,Lab confirmed,47927,0,0,0,0,351259,109693,78494,0,1729000,27719.4910352805,0,,0,0
Bungoma,2022,Clinically confirmed,9074,19,0,3,2,351259,109693,78494,0,1758000,5161.54721274175,54.0911407252199,,27.3490560017503,25.479654495885
Bungoma,2022,Lab confirmed,42570,0,0,0,0,351259,109693,78494,0,1758000,24215.0170648464,0,,0,0
Busia,2014,Clinically confirmed,1257,0,0,0,0,206628,82303,21704,0,810293,1551.29070595451,0,,0,0
Busia,2014,Lab confirmed,472,0,0,0,0,206628,82303,21704,0,810293,582.505340660724,0,,0,0
Busia,2015,Clinically confirmed,701,0,0,0,0,206628,82303,21704,0,826324,848.335519723498,0,,0,0
Busia,2015,Lab confirmed,3204,0,0,0,0,206628,82303,21704,0,826324,3877.41370213137,0,,0,0
Busia,2016,Clinically confirmed,1049,0,0,0,0,206628,82303,21704,0,842672,1244.84971614104,0,,0,0
Busia,2016,Lab confirmed,4202,0,0,0,0,206628,82303,21704,0,842672,4986.5190726641,0,,0,0
Busia,2017,Clinically confirmed,1199,0,0,0,0,206628,82303,21704,0,859343,1395.25195410913,0,,0,0
Busia,2017,Lab confirmed,4260,0,0,0,0,206628,82303,21704,0,859343,4957.27550000407,0,,0,0
Busia,2018,Clinically confirmed,1099,0,0,0,0,206628,82303,21704,0,876344,1254.07374273117,0,,0,0
Busia,2018,Lab confirmed,5871,0,0,0,0,206628,82303,21704,0,876344,6699.4239704956,0,,0,0
Busia,2019,Clinically confirmed,1005,1,0,0,0,206628,82303,21704,0,893681,1124.5623438341,4.83961515380297,,0,0
Busia,2019,Lab confirmed,12952,0,0,0,0,206628,82303,21704,0,893681,14492.8671416311,0,,0,0
Busia,2020,Clinically confirmed,946,0,0,0,0,206628,82303,21704,0,914000,1035.01094091904,0,,0,0
Busia,2020,Lab confirmed,6511,0,0,0,0,206628,82303,21704,0,914000,7123.63238512035,0,,0,0
Busia,2021,Clinically confirmed,795,1,0,0,0,206628,82303,21704,0,932000,853.004291845494,4.83961515380297,,0,0
Busia,2021,Lab confirmed,5962,0,0,0,0,206628,82303,21704,0,932000,6396.99570815451,0,,0,0
Busia,2022,Clinically confirmed,1059,6,0,0,0,206628,82303,21704,0,950000,1114.73684210526,29.0376909228178,,0,0
Busia,2022,Lab confirmed,4784,0,0,0,0,206628,82303,21704,0,950000,5035.78947368421,0,,0,0
Elgeyo Marakwet,2014,Clinically confirmed,3889,0,0,0,0,150453,99926,190031,89,422686,9200.68324950436,0,0,0,0
Elgeyo Marakwet,2014,Lab confirmed,0,0,0,0,0,150453,99926,190031,89,422686,0,0,0,0,0
Elgeyo Marakwet,2015,Clinically confirmed,4495,0,0,0,0,150453,99926,190031,89,428862,10481.2270613857,0,0,0,0
Elgeyo Marakwet,2015,Lab confirmed,5623,0,0,0,0,150453,99926,190031,89,428862,13111.4437744543,0,0,0,0
Elgeyo Marakwet,2016,Clinically confirmed,4273,0,0,0,0,150453,99926,190031,89,435128,9820.09891342318,0,0,0,0
Elgeyo Marakwet,2016,Lab confirmed,13246,0,0,0,0,150453,99926,190031,89,435128,30441.6171793128,0,0,0,0
Elgeyo Marakwet,2017,Clinically confirmed,3772,0,0,0,0,150453,99926,190031,89,441485,8543.89163844751,0,0,0,0
Elgeyo Marakwet,2017,Lab confirmed,14667,0,0,0,0,150453,99926,190031,89,441485,33221.966771238,0,0,0,0
Elgeyo Marakwet,2018,Clinically confirmed,5292,0,0,0,0,150453,99926,190031,89,447935,11814.2141158874,0,0,0,0
Elgeyo Marakwet,2018,Lab confirmed,19948,0,0,0,0,150453,99926,190031,89,447935,44533.2470112851,0,0,0,0
Elgeyo Marakwet,2019,Clinically confirmed,6578,0,0,0,0,150453,99926,190031,89,454480,14473.6842105263,0,0,0,0
Elgeyo Marakwet,2019,Lab confirmed,23140,0,0,0,0,150453,99926,190031,89,454480,50915.3318077803,0,0,0,0
Elgeyo Marakwet,2020,Clinically confirmed,7066,0,0,0,0,150453,99926,190031,89,474000,14907.1729957806,0,0,0,0
Elgeyo Marakwet,2020,Lab confirmed,21940,0,0,0,0,150453,99926,190031,89,474000,46286.9198312236,0,0,0,0
Elgeyo Marakwet,2021,Clinically confirmed,9954,1,0,0,0,150453,99926,190031,89,481000,20694.3866943867,6.64659395292882,0,0,0
Elgeyo Marakwet,2021,Lab confirmed,18492,0,0,0,0,150453,99926,190031,89,481000,38444.9064449065,0,0,0,0
Elgeyo Marakwet,2022,Clinically confirmed,5607,2,0,0,0,150453,99926,190031,89,488000,11489.7540983607,13.2931879058576,0,0,0
Elgeyo Marakwet,2022,Lab confirmed,15094,0,0,0,0,150453,99926,190031,89,488000,30930.3278688525,0,0,0,0
Embu,2014,Clinically confirmed,1158,0,0,0,0,138415,269133,45246,228,577895,2003.82422412376,0,0,0,0
Embu,2014,Lab confirmed,0,0,0,0,0,138415,269133,45246,228,577895,0,0,0,0,0
Embu,2015,Clinically confirmed,710,0,0,0,0,138415,269133,45246,228,583909,1215.94289521141,0,0,0,0
Embu,2015,Lab confirmed,19,0,0,0,0,138415,269133,45246,228,583909,32.5393169141082,0,0,0,0
Embu,2016,Clinically confirmed,808,0,0,0,0,138415,269133,45246,228,589986,1369.52402260393,0,0,0,0
Embu,2016,Lab confirmed,1521,0,0,0,0,138415,269133,45246,228,589986,2578.02727522348,0,0,0,0
Embu,2017,Clinically confirmed,660,0,0,0,0,138415,269133,45246,228,596126,1107.14848874231,0,0,0,0
Embu,2017,Lab confirmed,1192,0,0,0,0,138415,269133,45246,228,596126,1999.57727057703,0,0,0,0
Embu,2018,Clinically confirmed,510,0,0,0,0,138415,269133,45246,228,602330,846.711935317849,0,0,0,0
Embu,2018,Lab confirmed,2640,0,0,0,0,138415,269133,45246,228,602330,4382.97942988063,0,0,0,0
Embu,2019,Clinically confirmed,1288,0,0,0,0,138415,269133,45246,228,608599,2116.3360439304,0,0,0,0
Embu,2019,Lab confirmed,2606,0,0,0,0,138415,269133,45246,228,608599,4281.9656292567,0,0,0,0
Embu,2020,Clinically confirmed,1429,2,0,0,0,138415,269133,45246,228,629000,2271.86009538951,14.4493010150634,0,0,0
Embu,2020,Lab confirmed,4947,0,0,0,0,138415,269133,45246,228,629000,7864.86486486487,0,0,0,0
Embu,2021,Clinically confirmed,748,0,0,0,0,138415,269133,45246,228,635000,1177.95275590551,0,0,0,0
Embu,2021,Lab confirmed,7674,0,0,0,0,138415,269133,45246,228,635000,12085.0393700787,0,0,0,0
Embu,2022,Clinically confirmed,792,1,0,0,0,138415,269133,45246,228,642000,1233.64485981308,7.2246505075317,0,0,0
Embu,2022,Lab confirmed,5816,0,0,0,0,138415,269133,45246,228,642000,9059.19003115265,0,0,0,0
Garissa,2014,Clinically confirmed,904,0,0,0,0,1420691,3857292,2746577,816057,743978,1215.08969351244,0,0,0,0
Garissa,2014,Lab confirmed,0,0,0,0,0,1420691,3857292,2746577,816057,743978,0,0,0,0,0
Garissa,2015,Clinically confirmed,1370,0,0,0,0,1420691,3857292,2746577,816057,762507,1796.70481713611,0,0,0,0
Garissa,2015,Lab confirmed,3548,0,1,1,1,1420691,3857292,2746577,816057,762507,4653.07203737146,0,1.22540459796313,0.259249234955508,0.364089555836228
Garissa,2016,Clinically confirmed,1187,0,0,0,0,1420691,3857292,2746577,816057,781497,1518.87979096529,0,0,0,0
Garissa,2016,Lab confirmed,9933,0,0,0,0,1420691,3857292,2746577,816057,781497,12710.2215363591,0,0,0,0
Garissa,2017,Clinically confirmed,1305,0,0,10,0,1420691,3857292,2746577,816057,800960,1629.29484618458,0,0,2.59249234955508,0
Garissa,2017,Lab confirmed,10851,0,0,0,0,1420691,3857292,2746577,816057,800960,13547.4930083899,0,0,0,0
Garissa,2018,Clinically confirmed,1428,0,0,0,0,1420691,3857292,2746577,816057,820908,1739.53719539827,0,0,0,0
Garissa,2018,Lab confirmed,14165,0,0,0,0,1420691,3857292,2746577,816057,820908,17255.2831742412,0,0,0,0
Garissa,2019,Clinically confirmed,1319,0,0,0,0,1420691,3857292,2746577,816057,841353,1567.71295758142,0,0,0,0
Garissa,2019,Lab confirmed,13828,0,0,0,0,1420691,3857292,2746577,816057,841353,16435.4319768278,0,0,0,0
Garissa,2020,Clinically confirmed,1699,0,0,2,0,1420691,3857292,2746577,816057,861000,1973.2868757259,0,0,0.518498469911015,0
Garissa,2020,Lab confirmed,9842,0,0,0,0,1420691,3857292,2746577,816057,861000,11430.8943089431,0,0,0,0
Garissa,2021,Clinically confirmed,1033,2,0,5,8,1420691,3857292,2746577,816057,883000,1169.87542468856,1.40776565769756,0,1.29624617477754,2.91271644668983
Garissa,2021,Lab confirmed,8519,0,0,0,0,1420691,3857292,2746577,816057,883000,9647.79161947905,0,0,0,0
Garissa,2022,Clinically confirmed,743,0,0,0,0,1420691,3857292,2746577,816057,905000,820.994475138122,0,0,0,0
Garissa,2022,Lab confirmed,7025,0,0,0,0,1420691,3857292,2746577,816057,905000,7762.43093922652,0,0,0,0
Homa Bay,2014,Clinically confirmed,915,0,0,0,0,340969,179555,148374,0,1027377,890.617562978342,0,,0,0
Homa Bay,2014,Lab confirmed,221,0,0,0,0,340969,179555,148374,0,1027377,215.110908653785,0,,0,0
Homa Bay,2015,Clinically confirmed,706,0,0,0,0,340969,179555,148374,0,1047489,673.992757919176,0,,0,0
Homa Bay,2015,Lab confirmed,4543,0,0,0,0,340969,179555,148374,0,1047489,4337.03838417396,0,,0,0
Homa Bay,2016,Clinically confirmed,2411,0,0,0,0,340969,179555,148374,0,1067994,2257.50331930704,0,,0,0
Homa Bay,2016,Lab confirmed,10741,0,0,0,0,340969,179555,148374,0,1067994,10057.1726058386,0,,0,0
Homa Bay,2017,Clinically confirmed,1507,0,0,0,0,340969,179555,148374,0,1088901,1383.96419876554,0,,0,0
Homa Bay,2017,Lab confirmed,7617,0,0,0,0,340969,179555,148374,0,1088901,6995.12627869751,0,,0,0
Homa Bay,2018,Clinically confirmed,1409,0,0,0,0,340969,179555,148374,0,1110217,1269.12126187943,0,,0,0
Homa Bay,2018,Lab confirmed,4004,0,0,0,0,340969,179555,148374,0,1110217,3606.50215228194,0,,0,0
Homa Bay,2019,Clinically confirmed,1613,0,0,0,0,340969,179555,148374,0,1131950,1424.97460135165,0,,0,0
Homa Bay,2019,Lab confirmed,7142,0,0,0,0,340969,179555,148374,0,1131950,6309.46596581121,0,,0,0
Homa Bay,2020,Clinically confirmed,2136,0,0,0,0,340969,179555,148374,0,1162000,1838.2099827883,0,,0,0
Homa Bay,2020,Lab confirmed,9376,0,0,0,0,340969,179555,148374,0,1162000,8068.84681583477,0,,0,0
Homa Bay,2021,Clinically confirmed,2247,0,0,0,0,340969,179555,148374,0,1185000,1896.20253164557,0,,0,0
Homa Bay,2021,Lab confirmed,9840,0,0,0,0,340969,179555,148374,0,1185000,8303.79746835443,0,,0,0
Homa Bay,2022,Clinically confirmed,2824,0,0,0,1,340969,179555,148374,0,1208000,2337.74834437086,0,,0,6.73972528879723
Homa Bay,2022,Lab confirmed,9406,0,0,0,0,340969,179555,148374,0,1208000,7786.4238410596,0,,0,0
Isiolo,2014,Clinically confirmed,1024,0,0,0,0,271598,1030005,854725,148859,238079,4301.09333456542,0,0,0,0
Isiolo,2014,Lab confirmed,0,0,0,0,0,271598,1030005,854725,148859,238079,0,0,0,0,0
Isiolo,2015,Clinically confirmed,970,0,0,0,0,271598,1030005,854725,148859,243784,3978.93216946149,0,0,0,0
Isiolo,2015,Lab confirmed,1788,0,0,0,0,271598,1030005,854725,148859,243784,7334.36156597644,0,0,0,0
Isiolo,2016,Clinically confirmed,1025,0,0,0,0,271598,1030005,854725,148859,249625,4106.15923885829,0,0,0,0
Isiolo,2016,Lab confirmed,2515,0,0,0,0,271598,1030005,854725,148859,249625,10075.1126690035,0,0,0,0
Isiolo,2017,Clinically confirmed,960,0,0,0,0,271598,1030005,854725,148859,255606,3755.78038074224,0,0,0,0
Isiolo,2017,Lab confirmed,1692,0,0,0,0,271598,1030005,854725,148859,255606,6619.56292105819,0,0,0,0
Isiolo,2018,Clinically confirmed,1343,0,0,0,0,271598,1030005,854725,148859,261731,5131.22251471931,0,0,0,0
Isiolo,2018,Lab confirmed,2364,0,0,0,0,271598,1030005,854725,148859,261731,9032.1742552468,0,0,0,0
Isiolo,2019,Clinically confirmed,1641,0,0,0,0,271598,1030005,854725,148859,268002,6123.08863366691,0,0,0,0
Isiolo,2019,Lab confirmed,7879,0,0,0,0,271598,1030005,854725,148859,268002,29399.0343355647,0,0,0,0
Isiolo,2020,Clinically confirmed,2131,0,0,0,0,271598,1030005,854725,148859,294000,7248.29931972789,0,0,0,0
Isiolo,2020,Lab confirmed,6182,0,1,0,0,271598,1030005,854725,148859,294000,21027.2108843537,0,6.71776647700173,0,0
Isiolo,2021,Clinically confirmed,2517,0,0,0,0,271598,1030005,854725,148859,301000,8362.12624584718,0,0,0,0
Isiolo,2021,Lab confirmed,7838,0,0,0,0,271598,1030005,854725,148859,301000,26039.8671096346,0,0,0,0
Isiolo,2022,Clinically confirmed,1427,4,0,6,0,271598,1030005,854725,148859,309000,4618.12297734628,14.7276489517596,0,5.8252144407066,0
Isiolo,2022,Lab confirmed,5231,0,0,0,0,271598,1030005,854725,148859,309000,16928.8025889968,0,0,0,0
Kajiado,2014,Clinically confirmed,4618,0,0,0,0,577710,877744,1120649,3584,989478,4667.10730304262,0,0,0,0
Kajiado,2014,Lab confirmed,38,0,0,0,0,577710,877744,1120649,3584,989478,38.4040878119574,0,0,0,0
Kajiado,2015,Clinically confirmed,2689,0,0,0,0,577710,877744,1120649,3584,1013913,2652.10131441258,0,0,0,0
Kajiado,2015,Lab confirmed,3264,0,0,0,0,577710,877744,1120649,3584,1013913,3219.21111574662,0,0,0,0
Kajiado,2016,Clinically confirmed,3394,0,0,0,0,577710,877744,1120649,3584,1038952,3266.75342075476,0,0,0,0
Kajiado,2016,Lab confirmed,15629,0,0,0,0,577710,877744,1120649,3584,1038952,15043.0433744774,0,0,0,0
Kajiado,2017,Clinically confirmed,2690,0,0,0,0,577710,877744,1120649,3584,1064609,2526.74925723904,0,0,0,0
Kajiado,2017,Lab confirmed,15424,0,0,0,0,577710,877744,1120649,3584,1064609,14487.9481574926,0,0,0,0
Kajiado,2018,Clinically confirmed,3227,0,0,0,0,577710,877744,1120649,3584,1090900,2958.1079842332,0,0,0,0
Kajiado,2018,Lab confirmed,17396,0,0,0,0,577710,877744,1120649,3584,1090900,15946.4662205518,0,0,0,0
Kajiado,2019,Clinically confirmed,2424,0,0,0,0,577710,877744,1120649,3584,1117840,2168.46775924998,0,0,0,0
Kajiado,2019,Lab confirmed,12978,0,0,0,0,577710,877744,1120649,3584,1117840,11609.8905031131,0,0,0,0
Kajiado,2020,Clinically confirmed,2439,0,0,0,0,577710,877744,1120649,3584,1179000,2068.70229007634,0,0,0,0
Kajiado,2020,Lab confirmed,15044,0,0,0,0,577710,877744,1120649,3584,1179000,12759.9660729432,0,0,0,0
Kajiado,2021,Clinically confirmed,3795,0,0,0,1,577710,877744,1120649,3584,1209000,3138.95781637717,0,0,0,0.89234006365954
Kajiado,2021,Lab confirmed,10478,0,0,0,0,577710,877744,1120649,3584,1209000,8666.66666666667,0,0,0,0
Kajiado,2022,Clinically confirmed,1814,0,0,23,0,577710,877744,1120649,3584,1238000,1465.26655896607,0,0,26.2035399843234,0
Kajiado,2022,Lab confirmed,8032,0,0,0,0,577710,877744,1120649,3584,1238000,6487.88368336026,0,0,0,0
Kakamega,2014,Clinically confirmed,1741,0,0,0,0,403450,78144,56884,0,1706308,1020.33161656629,0,,0,0
Kakamega,2014,Lab confirmed,0,0,0,0,0,403450,78144,56884,0,1706308,0,0,,0,0
Kakamega,2015,Clinically confirmed,1571,0,0,0,0,403450,78144,56884,0,1737408,904.220540022839,0,,0,0
Kakamega,2015,Lab confirmed,8139,0,0,0,0,403450,78144,56884,0,1737408,4684.56459277268,0,,0,0
Kakamega,2016,Clinically confirmed,1694,0,0,0,0,403450,78144,56884,0,1769074,957.563109287684,0,,0,0
Kakamega,2016,Lab confirmed,9176,0,0,0,0,403450,78144,56884,0,1769074,5186.89438655477,0,,0,0
Kakamega,2017,Clinically confirmed,1814,0,0,0,0,403450,78144,56884,0,1801318,1007.04040041792,0,,0,0
Kakamega,2017,Lab confirmed,9341,0,0,0,0,403450,78144,56884,0,1801318,5185.64739818289,0,,0,0
Kakamega,2018,Clinically confirmed,1986,0,0,0,0,403450,78144,56884,0,1834149,1082.79098372052,0,,0,0
Kakamega,2018,Lab confirmed,10182,0,0,0,0,403450,78144,56884,0,1834149,5551.34833647648,0,,0,0
Kakamega,2019,Clinically confirmed,2674,0,0,0,0,403450,78144,56884,0,1867579,1431.80020764851,0,,0,0
Kakamega,2019,Lab confirmed,11925,0,0,0,0,403450,78144,56884,0,1867579,6385.27205542577,0,,0,0
Kakamega,2020,Clinically confirmed,2334,0,0,0,0,403450,78144,56884,0,1897000,1230.36373220875,0,,0,0
Kakamega,2020,Lab confirmed,10006,0,0,0,0,403450,78144,56884,0,1897000,5274.64417501318,0,,0,0
Kakamega,2021,Clinically confirmed,2020,2,0,0,0,403450,78144,56884,0,1932000,1045.54865424431,4.95724377246251,,0,0
Kakamega,2021,Lab confirmed,8115,1,0,0,0,403450,78144,56884,0,1932000,4200.31055900621,2.47862188623126,,0,0
Kakamega,2021,Post Mortem,0,3,0,0,0,403450,78144,56884,0,1932000,0,7.43586565869377,,0,0
Kakamega,2022,Clinically confirmed,1885,0,0,6,0,403450,78144,56884,0,1967000,958.312150482969,0,,76.7813267813268,0
Kakamega,2022,Lab confirmed,8492,0,0,0,0,403450,78144,56884,0,1967000,4317.23436705643,0,,0,0
Kericho,2014,Clinically confirmed,2522,0,0,0,0,241648,71875,56238,0,842955,2991.85603027445,0,,0,0
Kericho,2014,Lab confirmed,0,0,0,0,0,241648,71875,56238,0,842955,0,0,,0,0
Kericho,2015,Clinically confirmed,3054,0,0,0,0,241648,71875,56238,0,854404,3574.42146806429,0,,0,0
Kericho,2015,Lab confirmed,7052,0,0,0,0,241648,71875,56238,0,854404,8253.7066774032,0,,0,0
Kericho,2016,Clinically confirmed,3980,0,0,0,0,241648,71875,56238,0,866009,4595.79519381438,0,,0,0
Kericho,2016,Lab confirmed,20649,0,0,0,0,241648,71875,56238,0,866009,23843.863054541,0,,0,0
Kericho,2017,Clinically confirmed,3849,0,0,0,0,241648,71875,56238,0,877771,4384.97056749426,0,,0,0
Kericho,2017,Lab confirmed,18492,0,0,0,0,241648,71875,56238,0,877771,21066.9981122639,0,,0,0
Kericho,2018,Clinically confirmed,5049,0,0,0,0,241648,71875,56238,0,889693,5674.99126103049,0,,0,0
Kericho,2018,Lab confirmed,25985,0,0,0,0,241648,71875,56238,0,889693,29206.7038854976,0,,0,0
Kericho,2019,Clinically confirmed,5939,2,0,0,0,241648,71875,56238,0,901777,6585.88542400172,8.27650135734622,,0,0
Kericho,2019,Lab confirmed,24776,0,0,0,0,241648,71875,56238,0,901777,27474.6417351518,0,,0,0
Kericho,2020,Clinically confirmed,5924,0,0,0,0,241648,71875,56238,0,917000,6460.19629225736,0,,0,0
Kericho,2020,Lab confirmed,24439,0,0,0,0,241648,71875,56238,0,917000,26651.0359869139,0,,0,0
Kericho,2021,Clinically confirmed,4275,0,0,0,0,241648,71875,56238,0,930000,4596.77419354839,0,,0,0
Kericho,2021,Lab confirmed,20749,0,0,0,0,241648,71875,56238,0,930000,22310.752688172,0,,0,0
Kericho,2022,Clinically confirmed,6456,0,0,0,0,241648,71875,56238,0,942000,6853.50318471338,0,,0,0
Kericho,2022,Lab confirmed,24651,0,0,0,0,241648,71875,56238,0,942000,26168.7898089172,0,,0,0
Kiambu,2014,Clinically confirmed,2634,0,0,0,0,200394,83597,118389,0,2191022,1202.17870929639,0,,0,0
Kiambu,2014,Lab confirmed,0,0,0,0,0,200394,83597,118389,0,2191022,0,0,,0,0
Kiambu,2015,Clinically confirmed,2204,0,0,0,0,200394,83597,118389,0,2234597,986.307598193321,0,,0,0
Kiambu,2015,Lab confirmed,8626,0,0,0,0,200394,83597,118389,0,2234597,3860.20387568765,0,,0,0
Kiambu,2016,Clinically confirmed,1126,0,0,0,0,200394,83597,118389,0,2279038,494.068111194285,0,,0,0
Kiambu,2016,Lab confirmed,11004,0,0,0,0,200394,83597,118389,0,2279038,4828.35301561448,0,,0,0
Kiambu,2017,Clinically confirmed,1076,0,0,0,0,200394,83597,118389,0,2324363,462.922529742558,0,,0,0
Kiambu,2017,Lab confirmed,10532,0,0,0,0,200394,83597,118389,0,2324363,4531.13390636488,0,,0,0
Kiambu,2018,Clinically confirmed,888,0,0,0,0,200394,83597,118389,0,2370589,374.590449883974,0,,0,0
Kiambu,2018,Lab confirmed,10740,0,0,0,0,200394,83597,118389,0,2370589,4530.51963035347,0,,0,0
Kiambu,2019,Clinically confirmed,742,0,0,0,0,200394,83597,118389,0,2417735,306.898812318141,0,,0,0
Kiambu,2019,Lab confirmed,8437,0,0,0,0,200394,83597,118389,0,2417735,3489.62975677649,0,,0,0
Kiambu,2020,Clinically confirmed,857,0,0,0,0,200394,83597,118389,0,2501000,342.66293482607,0,,0,0
Kiambu,2020,Lab confirmed,6476,0,0,0,0,200394,83597,118389,0,2501000,2589.36425429828,0,,0,0
Kiambu,2021,Clinically confirmed,729,0,0,0,0,200394,83597,118389,0,2552000,285.658307210031,0,,0,0
Kiambu,2021,Lab confirmed,7169,0,0,0,0,200394,83597,118389,0,2552000,2809.16927899687,0,,0,0
Kiambu,2022,Clinically confirmed,711,0,0,0,0,200394,83597,118389,0,2602000,273.251345119139,0,,0,0
Kiambu,2022,Lab confirmed,3152,0,0,0,0,200394,83597,118389,0,2602000,1211.37586471945,0,,0,0
Kilifi,2014,Clinically confirmed,13,0,0,0,0,236457,542257,56481,2022,1320154,9.84733599261904,0,0,0,0
Kilifi,2014,Lab confirmed,9,0,0,0,0,236457,542257,56481,2022,1320154,6.81738645642857,0,0,0,0
Kilifi,2015,Clinically confirmed,119,0,0,0,0,236457,542257,56481,2022,1345860,88.4193006702034,0,0,0,0
Kilifi,2015,Lab confirmed,44,0,0,7,0,236457,542257,56481,2022,1345860,32.6928506679744,0,0,12.9090080902598,0
Kilifi,2016,Clinically confirmed,32,0,0,0,0,236457,542257,56481,2022,1372066,23.3224932328328,0,0,0,0
Kilifi,2016,Lab confirmed,73,0,0,0,0,236457,542257,56481,2022,1372066,53.2044376873999,0,0,0,0
Kilifi,2017,Clinically confirmed,11,0,0,0,0,236457,542257,56481,2022,1398783,7.86397890165952,0,0,0,0
Kilifi,2017,Lab confirmed,181,0,0,0,0,236457,542257,56481,2022,1398783,129.398198290943,0,0,0,0
Kilifi,2018,Clinically confirmed,8,14,0,0,0,236457,542257,56481,2022,1426020,5.61001949481774,59.2073823147549,0,0,0
Kilifi,2018,Lab confirmed,370,0,0,0,0,236457,542257,56481,2022,1426020,259.463401635321,0,0,0,0
Kilifi,2019,Clinically confirmed,1,0,0,0,0,236457,542257,56481,2022,1453787,0.687858675308006,0,0,0,0
Kilifi,2019,Lab confirmed,898,0,0,0,0,236457,542257,56481,2022,1453787,617.697090426589,0,0,0,0
Kilifi,2020,Clinically confirmed,18,0,0,0,0,236457,542257,56481,2022,1489000,12.0886501007388,0,0,0,0
Kilifi,2020,Lab confirmed,1032,0,0,0,0,236457,542257,56481,2022,1489000,693.082605775688,0,0,0,0
Kilifi,2021,Clinically confirmed,348,0,0,0,0,236457,542257,56481,2022,1518000,229.249011857708,0,0,0,0
Kilifi,2021,Lab confirmed,1031,0,0,0,0,236457,542257,56481,2022,1518000,679.183135704875,0,0,0,0
Kilifi,2022,Clinically confirmed,142,0,0,0,0,236457,542257,56481,2022,1548000,91.7312661498708,0,0,0,0
Kilifi,2022,Lab confirmed,592,0,0,0,0,236457,542257,56481,2022,1548000,382.428940568476,0,0,0,0
Kirinyaga,2014,Clinically confirmed,48,0,0,0,0,116441,106844,26751,0,585497,81.9816326983742,0,,0,0
Kirinyaga,2014,Lab confirmed,0,0,0,0,0,116441,106844,26751,0,585497,0,0,,0,0
Kirinyaga,2015,Clinically confirmed,333,0,0,0,0,116441,106844,26751,0,590397,564.027256236058,0,,0,0
Kirinyaga,2015,Lab confirmed,863,2,0,0,0,116441,106844,26751,0,590397,1461.72829468984,17.1760805901701,,0,0
Kirinyaga,2016,Clinically confirmed,153,0,0,0,0,116441,106844,26751,0,595338,256.99686564607,0,,0,0
Kirinyaga,2016,Lab confirmed,3743,0,0,0,0,116441,106844,26751,0,595338,6287.18475891006,0,,0,0
Kirinyaga,2017,Clinically confirmed,141,0,0,0,0,116441,106844,26751,0,600321,234.874342226909,0,,0,0
Kirinyaga,2017,Lab confirmed,1954,0,0,0,0,116441,106844,26751,0,600321,3254.92528164099,0,,0,0
Kirinyaga,2018,Clinically confirmed,202,0,0,0,0,116441,106844,26751,0,605345,333.694009201365,0,,0,0
Kirinyaga,2018,Lab confirmed,845,0,0,0,0,116441,106844,26751,0,605345,1395.89820680769,0,,0,0
Kirinyaga,2019,Clinically confirmed,166,0,0,0,0,116441,106844,26751,0,610411,271.947917059162,0,,0,0
Kirinyaga,2019,Lab confirmed,1763,0,0,0,0,116441,106844,26751,0,610411,2888.21793840544,0,,0,0
Kirinyaga,2020,Clinically confirmed,165,0,0,0,0,116441,106844,26751,0,637000,259.026687598116,0,,0,0
Kirinyaga,2020,Lab confirmed,1908,0,0,0,0,116441,106844,26751,0,637000,2995.29042386185,0,,0,0
Kirinyaga,2021,Clinically confirmed,94,0,0,0,0,116441,106844,26751,0,642000,146.417445482866,0,,0,0
Kirinyaga,2021,Lab confirmed,1841,0,0,0,0,116441,106844,26751,0,642000,2867.60124610592,0,,0,0
Kirinyaga,2022,Clinically confirmed,53,0,0,0,0,116441,106844,26751,0,648000,81.7901234567901,0,,0,0
Kirinyaga,2022,Lab confirmed,1177,0,0,0,0,116441,106844,26751,0,648000,1816.35802469136,0,,0,0
Kisii,2014,Clinically confirmed,5725,0,0,0,0,216858,56946,11001,0,1207817,4739.9564669151,0,,0,0
Kisii,2014,Lab confirmed,1646,0,0,0,0,216858,56946,11001,0,1207817,1362.78923048773,0,,0,0
Kisii,2015,Clinically confirmed,6448,0,0,0,0,216858,56946,11001,0,1219401,5287.84214544682,0,,0,0
Kisii,2015,Lab confirmed,15239,0,0,0,0,216858,56946,11001,0,1219401,12497.1194873549,0,,0,0
Kisii,2016,Clinically confirmed,7666,0,0,0,0,216858,56946,11001,0,1231096,6226.9717390033,0,,0,0
Kisii,2016,Lab confirmed,30711,0,0,0,0,216858,56946,11001,0,1231096,24946.0643199231,0,,0,0
Kisii,2017,Clinically confirmed,6345,0,0,0,0,216858,56946,11001,0,1242904,5104.97995018119,0,,0,0
Kisii,2017,Lab confirmed,19071,0,0,0,0,216858,56946,11001,0,1242904,15343.9042757928,0,,0,0
Kisii,2018,Clinically confirmed,8961,0,0,0,0,216858,56946,11001,0,1254825,7141.23483354253,0,,0,0
Kisii,2018,Lab confirmed,35159,0,0,0,0,216858,56946,11001,0,1254825,28019.0464805849,0,,0,0
Kisii,2019,Clinically confirmed,8778,5,0,0,0,216858,56946,11001,0,1266860,6928.9424245773,23.0565623587786,,0,0
Kisii,2019,Lab confirmed,35519,0,0,0,0,216858,56946,11001,0,1266860,28037.036452331,0,,0,0
Kisii,2020,Clinically confirmed,7564,2,0,0,0,216858,56946,11001,0,1307000,5787.29915837797,9.22262494351142,,0,0
Kisii,2020,Lab confirmed,33769,0,0,0,0,216858,56946,11001,0,1307000,25837.0313695486,0,,0,0
Kisii,2021,Clinically confirmed,8058,0,0,0,0,216858,56946,11001,0,1319000,6109.17361637604,0,,0,0
Kisii,2021,Lab confirmed,38840,0,0,0,0,216858,56946,11001,0,1319000,29446.5504169826,0,,0,0
Kisii,2022,Clinically confirmed,7663,0,0,0,0,216858,56946,11001,0,1332000,5753.003003003,0,,0,0
Kisii,2022,Lab confirmed,35515,0,0,0,0,216858,56946,11001,0,1332000,26662.9129129129,0,,0,0
Kisumu,2014,Clinically confirmed,1171,0,0,0,0,242996,137696,163537,0,1060632,1104.05871216407,0,,0,0
Kisumu,2014,Lab confirmed,0,0,0,0,0,242996,137696,163537,0,1060632,0,0,,0,0
Kisumu,2015,Clinically confirmed,759,0,0,0,0,242996,137696,163537,0,1078975,703.445399569035,0,,0,0
Kisumu,2015,Lab confirmed,6726,0,0,0,0,242996,137696,163537,0,1078975,6233.69401515327,0,,0,0
Kisumu,2016,Clinically confirmed,1462,0,0,0,0,242996,137696,163537,0,1097635,1331.95461150565,0,,0,0
Kisumu,2016,Lab confirmed,6535,0,0,0,0,242996,137696,163537,0,1097635,5953.70956647702,0,,0,0
Kisumu,2017,Clinically confirmed,957,0,0,0,0,242996,137696,163537,0,1116618,857.052277502243,0,,0,0
Kisumu,2017,Lab confirmed,7057,0,0,0,0,242996,137696,163537,0,1116618,6319.97693033786,0,,0,0
Kisumu,2018,Clinically confirmed,700,0,0,0,0,242996,137696,163537,0,1135929,616.235697829706,0,,0,0
Kisumu,2018,Lab confirmed,6870,0,0,0,0,242996,137696,163537,0,1135929,6047.91320584297,0,,0,0
Kisumu,2019,Clinically confirmed,728,0,0,0,0,242996,137696,163537,0,1155574,629.989944391272,0,,0,0
Kisumu,2019,Lab confirmed,7646,0,0,0,0,242996,137696,163537,0,1155574,6616.62515771383,0,,0,0
Kisumu,2020,Clinically confirmed,968,0,0,0,0,242996,137696,163537,0,1186000,816.188870151771,0,,0,0
Kisumu,2020,Lab confirmed,7288,0,0,0,0,242996,137696,163537,0,1186000,6145.02529510961,0,,0,0
Kisumu,2021,Clinically confirmed,1174,0,0,0,0,242996,137696,163537,0,1207000,972.659486329743,0,,0,0
Kisumu,2021,Lab confirmed,9055,0,0,0,0,242996,137696,163537,0,1207000,7502.07125103563,0,,0,0
Kisumu,2022,Clinically confirmed,1168,0,0,0,0,242996,137696,163537,0,1228000,951.14006514658,0,,0,0
Kisumu,2022,Lab confirmed,7699,0,0,0,0,242996,137696,163537,0,1228000,6269.54397394137,0,,0,0
Kitui,2014,Clinically confirmed,2544,0,0,0,0,343632,1370560,105830,5202,1069633,2378.38585757919,0,0,0,0
Kitui,2014,Lab confirmed,0,0,0,0,0,343632,1370560,105830,5202,1069633,0,0,0,0,0
Kitui,2015,Clinically confirmed,1747,0,0,0,0,343632,1370560,105830,5202,1082624,1613.67196736817,0,0,0,0
Kitui,2015,Lab confirmed,83,0,0,0,0,343632,1370560,105830,5202,1082624,76.6655828801135,0,0,0,0
Kitui,2016,Clinically confirmed,1645,0,0,0,0,343632,1370560,105830,5202,1095773,1501.2233373153,0,0,0,0
Kitui,2016,Lab confirmed,5300,0,0,0,0,343632,1370560,105830,5202,1095773,4836.76819925295,0,0,0,0
Kitui,2017,Clinically confirmed,1810,0,0,0,0,343632,1370560,105830,5202,1109082,1631.98032246489,0,0,0,0
Kitui,2017,Lab confirmed,8225,0,0,0,0,343632,1370560,105830,5202,1109082,7416.04317805176,0,0,0,0
Kitui,2018,Clinically confirmed,2232,0,0,0,0,343632,1370560,105830,5202,1122553,1988.32482742463,0,0,0,0
Kitui,2018,Lab confirmed,12529,0,0,0,0,343632,1370560,105830,5202,1122553,11161.1656643383,0,0,0,0
Kitui,2019,Clinically confirmed,2153,0,0,0,0,343632,1370560,105830,5202,1136187,1894.93454862624,0,0,0,0
Kitui,2019,Lab confirmed,13401,0,0,0,0,343632,1370560,105830,5202,1136187,11794.7133702463,0,0,0,0
Kitui,2020,Clinically confirmed,2002,1,0,3,0,343632,1370560,105830,5202,1186000,1688.02698145025,2.91008986357499,0,2.18888629465328,0
Kitui,2020,Lab confirmed,10710,0,0,0,0,343632,1370560,105830,5202,1186000,9030.35413153457,0,0,0,0
Kitui,2021,Clinically confirmed,1841,0,0,4,0,343632,1370560,105830,5202,1201000,1532.88925895087,0,0,2.91851505953771,0
Kitui,2021,Lab confirmed,9401,0,0,0,0,343632,1370560,105830,5202,1201000,7827.64363030808,0,0,0,0
Kitui,2022,Clinically confirmed,1344,1,0,0,0,343632,1370560,105830,5202,1215000,1106.17283950617,2.91008986357499,0,0,0
Kitui,2022,Lab confirmed,5432,0,0,0,0,343632,1370560,105830,5202,1215000,4470.78189300412,0,0,0,0
Kwale,2014,Clinically confirmed,8,0,0,0,0,310434,382410,90615,1096,768857,10.4050558166213,0,0,0,0
Kwale,2014,Lab confirmed,0,0,0,0,0,310434,382410,90615,1096,768857,0,0,0,0,0
Kwale,2015,Clinically confirmed,41,0,0,0,0,310434,382410,90615,1096,787521,52.0621037407256,0,0,0,0
Kwale,2015,Lab confirmed,81,0,0,0,0,310434,382410,90615,1096,787521,102.854400073141,0,0,0,0
Kwale,2016,Clinically confirmed,203,0,0,0,0,310434,382410,90615,1096,806638,251.661835916483,0,0,0,0
Kwale,2016,Lab confirmed,229,0,0,0,0,310434,382410,90615,1096,806638,283.894386329432,0,0,0,0
Kwale,2017,Clinically confirmed,600,0,0,0,0,310434,382410,90615,1096,826219,726.199712182847,0,0,0,0
Kwale,2017,Lab confirmed,1611,0,0,0,0,310434,382410,90615,1096,826219,1949.84622721095,0,0,0,0
Kwale,2018,Clinically confirmed,453,0,0,23,0,310434,382410,90615,1096,846276,535.286360478142,0,0,60.144870688528,0
Kwale,2018,Lab confirmed,1241,0,0,0,0,310434,382410,90615,1096,846276,1466.42466523924,0,0,0,0
Kwale,2019,Clinically confirmed,179,0,0,0,0,310434,382410,90615,1096,866820,206.50192658222,0,0,0,0
Kwale,2019,Lab confirmed,419,0,0,0,0,310434,382410,90615,1096,866820,483.376018089107,0,0,0,0
Kwale,2020,Clinically confirmed,403,0,0,0,0,310434,382410,90615,1096,879000,458.475540386803,0,0,0,0
Kwale,2020,Lab confirmed,271,0,0,0,0,310434,382410,90615,1096,879000,308.304891922639,0,0,0,0
Kwale,2021,Clinically confirmed,558,0,0,0,0,310434,382410,90615,1096,901000,619.311875693674,0,0,0,0
Kwale,2021,Lab confirmed,142,0,0,0,0,310434,382410,90615,1096,901000,157.602663706992,0,0,0,0
Kwale,2022,Clinically confirmed,95,0,0,0,0,310434,382410,90615,1096,923000,102.925243770314,0,0,0,0
Kwale,2022,Lab confirmed,141,0,0,0,0,310434,382410,90615,1096,923000,152.762730227519,0,0,0,0
Laikipia,2014,Clinically confirmed,1442,0,0,0,0,270065,402526,613782,7827,469694,3070.08392698225,0,0,0,0
Laikipia,2014,Lab confirmed,0,0,0,0,0,270065,402526,613782,7827,469694,0,0,0,0,0
Laikipia,2015,Clinically confirmed,1227,0,0,0,0,270065,402526,613782,7827,479084,2561.13750407027,0,0,0,0
Laikipia,2015,Lab confirmed,2049,0,0,0,0,270065,402526,613782,7827,479084,4276.91177330072,0,0,0,0
Laikipia,2016,Clinically confirmed,1556,0,0,0,0,270065,402526,613782,7827,488662,3184.20503333593,0,0,0,0
Laikipia,2016,Lab confirmed,5202,0,0,0,0,270065,402526,613782,7827,488662,10645.3949764868,0,0,0,0
Laikipia,2017,Clinically confirmed,1273,0,0,0,0,270065,402526,613782,7827,498431,2554.01449749313,0,0,0,0
Laikipia,2017,Lab confirmed,8211,0,0,0,0,270065,402526,613782,7827,498431,16473.6944531941,0,0,0,0
Laikipia,2018,Clinically confirmed,1223,0,0,0,0,270065,402526,613782,7827,508396,2405.60507950495,0,0,0,0
Laikipia,2018,Lab confirmed,6938,0,0,0,0,270065,402526,613782,7827,508396,13646.8422253519,0,0,0,0
Laikipia,2019,Clinically confirmed,838,0,0,0,0,270065,402526,613782,7827,518560,1616.01357605677,0,0,0,0
Laikipia,2019,Lab confirmed,4853,0,0,0,0,270065,402526,613782,7827,518560,9358.60845418081,0,0,0,0
Laikipia,2020,Clinically confirmed,760,0,0,0,0,270065,402526,613782,7827,529000,1436.67296786389,0,0,0,0
Laikipia,2020,Lab confirmed,4074,0,0,0,0,270065,402526,613782,7827,529000,7701.32325141777,0,0,0,0
Laikipia,2021,Clinically confirmed,1228,0,0,0,2,270065,402526,613782,7827,539000,2278.29313543599,0,0,0,3.25848591193616
Laikipia,2021,Lab confirmed,2807,8,0,0,0,270065,402526,613782,7827,539000,5207.79220779221,29.6224982874493,0,0,0
Laikipia,2022,Clinically confirmed,553,0,0,0,0,270065,402526,613782,7827,550000,1005.45454545455,0,0,0,0
Laikipia,2022,Lab confirmed,2012,0,0,0,0,270065,402526,613782,7827,550000,3658.18181818182,0,0,0,0
Lamu,2014,Clinically confirmed,45,0,0,0,0,98321,97879,42145,125,126352,356.147904267443,0,0,0,0
Lamu,2014,Lab confirmed,0,0,0,0,0,98321,97879,42145,125,126352,0,0,0,0,0
Lamu,2015,Clinically confirmed,0,0,0,0,0,98321,97879,42145,125,129685,0,0,0,0,0
Lamu,2015,Lab confirmed,80,0,0,0,0,98321,97879,42145,125,129685,616.879361529861,0,0,0,0
Lamu,2016,Clinically confirmed,66,0,0,0,0,98321,97879,42145,125,133106,495.845416435022,0,0,0,0
Lamu,2016,Lab confirmed,107,0,0,0,0,98321,97879,42145,125,133106,803.870599371929,0,0,0,0
Lamu,2017,Clinically confirmed,2,0,0,0,0,98321,97879,42145,125,136617,14.6394665378394,0,0,0,0
Lamu,2017,Lab confirmed,30,0,0,0,0,98321,97879,42145,125,136617,219.59199806759,0,0,0,0
Lamu,2018,Clinically confirmed,6,0,0,0,0,98321,97879,42145,125,140221,42.7895964227897,0,0,0,0
Lamu,2018,Lab confirmed,32,0,0,0,0,98321,97879,42145,125,140221,228.211180921545,0,0,0,0
Lamu,2019,Clinically confirmed,5,0,0,0,0,98321,97879,42145,125,143920,34.7415230683713,0,0,0,0
Lamu,2019,Lab confirmed,40,0,0,0,0,98321,97879,42145,125,143920,277.932184546971,0,0,0,0
Lamu,2020,Clinically confirmed,55,0,0,0,0,98321,97879,42145,125,155000,354.838709677419,0,0,0,0
Lamu,2020,Lab confirmed,301,0,0,0,0,98321,97879,42145,125,155000,1941.93548387097,0,0,0,0
Lamu,2021,Clinically confirmed,37,0,0,0,0,98321,97879,42145,125,159000,232.704402515723,0,0,0,0
Lamu,2021,Lab confirmed,123,0,0,0,0,98321,97879,42145,125,159000,773.584905660377,0,0,0,0
Lamu,2022,Clinically confirmed,13,0,0,0,0,98321,97879,42145,125,163000,79.7546012269939,0,0,0,0
Lamu,2022,Lab confirmed,25,0,0,0,0,98321,97879,42145,125,163000,153.374233128834,0,0,0,0
Machakos,2014,Clinically confirmed,3345,0,0,0,0,362351,624891,171525,1473,1350195,2477.41992823259,0,0,0,0
Machakos,2014,Lab confirmed,0,0,0,0,0,362351,624891,171525,1473,1350195,0,0,0,0,0
Machakos,2015,Clinically confirmed,1517,0,0,0,0,362351,624891,171525,1473,1364247,1111.96872707068,0,0,0,0
Machakos,2015,Lab confirmed,1287,0,0,0,0,362351,624891,171525,1473,1364247,943.377555530633,0,0,0,0
Machakos,2016,Clinically confirmed,2165,0,0,0,0,362351,624891,171525,1473,1378445,1570.61036167566,0,0,0,0
Machakos,2016,Lab confirmed,7807,0,0,0,0,362351,624891,171525,1473,1378445,5663.62821875374,0,0,0,0
Machakos,2017,Clinically confirmed,1808,0,0,0,0,362351,624891,171525,1473,1392791,1298.11292577278,0,0,0,0
Machakos,2017,Lab confirmed,6892,0,0,0,0,362351,624891,171525,1473,1392791,4948.33754669581,0,0,0,0
Machakos,2018,Clinically confirmed,1772,0,0,0,0,362351,624891,171525,1473,1407286,1259.16125080474,0,0,0,0
Machakos,2018,Lab confirmed,8020,0,0,0,0,362351,624891,171525,1473,1407286,5698.9126588341,0,0,0,0
Machakos,2019,Clinically confirmed,2057,0,0,0,0,362351,624891,171525,1473,1421932,1446.62332657258,0,0,0,0
Machakos,2019,Lab confirmed,8670,0,0,0,0,362351,624891,171525,1473,1421932,6097.33798803318,0,0,0,0
Machakos,2020,Clinically confirmed,1404,3,0,1,0,362351,624891,171525,1473,1442000,973.647711511789,8.27926513242685,0,1.60027908867306,0
Machakos,2020,Lab confirmed,5989,0,0,0,0,362351,624891,171525,1473,1442000,4153.25936199723,0,0,0,0
Machakos,2021,Clinically confirmed,1239,5,0,0,0,362351,624891,171525,1473,1457000,850.377487989019,13.7987752207114,0,0,0
Machakos,2021,Lab confirmed,5165,0,0,0,0,362351,624891,171525,1473,1457000,3544.95538778312,0,0,0,0
Machakos,2022,Clinically confirmed,763,2,0,0,0,362351,624891,171525,1473,1472000,518.342391304348,5.51951008828456,0,0,0
Machakos,2022,Lab confirmed,2271,0,0,0,0,362351,624891,171525,1473,1472000,1542.79891304348,0,0,0,0
Makueni,2014,Clinically confirmed,3748,0,0,0,0,325803,799638,133115,1111,934042,4012.66752458669,0,0,0,0
Makueni,2014,Lab confirmed,0,0,0,0,0,325803,799638,133115,1111,934042,0,0,0,0,0
Makueni,2015,Clinically confirmed,3454,0,0,0,0,325803,799638,133115,1111,944526,3656.86068991219,0,0,0,0
Makueni,2015,Lab confirmed,6865,0,0,0,0,325803,799638,133115,1111,944526,7268.19589931881,0,0,0,0
Makueni,2016,Clinically confirmed,2667,0,0,0,0,325803,799638,133115,1111,955128,2792.29590170113,0,0,0,0
Makueni,2016,Lab confirmed,9501,0,0,0,0,325803,799638,133115,1111,955128,9947.3578410433,0,0,0,0
Makueni,2017,Clinically confirmed,2073,0,0,0,0,325803,799638,133115,1111,965849,2146.29823088288,0,0,0,0
Makueni,2017,Lab confirmed,11197,0,0,0,0,325803,799638,133115,1111,965849,11592.9094506491,0,0,0,0
Makueni,2018,Clinically confirmed,985,1,0,0,0,325803,799638,133115,1111,976690,1008.50832915255,3.06933944745751,0,0,0
Makueni,2018,Lab confirmed,7209,0,0,0,0,325803,799638,133115,1111,976690,7381.05232980782,0,0,0,0
Makueni,2019,Clinically confirmed,674.3,6,0,2,9,325803,799638,133115,1111,987653,682.729663150924,18.4160366847451,0,2.50113176212236,67.6107125417872
Makueni,2019,Lab confirmed,3814,0,0,0,0,325803,799638,133115,1111,987653,3861.68016499722,0,0,0,0
Makueni,2020,Clinically confirmed,337,1,0,1,0,325803,799638,133115,1111,1008000,334.325396825397,3.06933944745751,0,1.25056588106118,0
Makueni,2020,Lab confirmed,3531,0,0,0,0,325803,799638,133115,1111,1008000,3502.97619047619,0,0,0,0
Makueni,2021,Clinically confirmed,504,0,0,0,0,325803,799638,133115,1111,1019000,494.602551521099,0,0,0,0
Makueni,2021,Lab confirmed,3511,0,0,0,0,325803,799638,133115,1111,1019000,3445.53483807655,0,0,0,0
Makueni,2022,Clinically confirmed,770,0,0,7,0,325803,799638,133115,1111,1031000,746.847720659554,0,0,8.75396116742826,0
Makueni,2022,Lab confirmed,2558,0,0,0,0,325803,799638,133115,1111,1031000,2481.08632395732,0,0,0,0
Mandera,2014,Clinically confirmed,1059,0,0,0,0,1182989,4898807,2226033,1828665,761572,1390.54482045033,0,0,0,0
Mandera,2014,Lab confirmed,0,0,0,0,0,1182989,4898807,2226033,1828665,761572,0,0,0,0,0
Mandera,2015,Clinically confirmed,1153,0,0,23,0,1182989,4898807,2226033,1828665,781661,1475.06399833176,0,0,4.6950206448223,0
Mandera,2015,Lab confirmed,2715,0,0,0,0,1182989,4898807,2226033,1828665,781661,3473.37272807521,0,0,0,0
Mandera,2016,Clinically confirmed,636,0,0,0,0,1182989,4898807,2226033,1828665,802280,792.740689036247,0,0,0,0
Mandera,2016,Lab confirmed,3115,0,0,0,0,1182989,4898807,2226033,1828665,802280,3882.68434960363,0,0,0,0
Mandera,2017,Clinically confirmed,446,0,0,0,0,1182989,4898807,2226033,1828665,823442,541.628918612361,0,0,0,0
Mandera,2017,Lab confirmed,2849,0,0,0,0,1182989,4898807,2226033,1828665,823442,3459.86724019421,0,0,0,0
Mandera,2018,Clinically confirmed,1683,0,0,0,0,1182989,4898807,2226033,1828665,845163,1991.33184959588,0,0,0,0
Mandera,2018,Lab confirmed,7088,0,0,0,0,1182989,4898807,2226033,1828665,845163,8386.54792034199,0,0,0,0
Mandera,2019,Clinically confirmed,1396,13,0,16,2,1182989,4898807,2226033,1828665,867457,1609.30167143732,10.989113170114,0,3.26610131813725,0.89845927710865
Mandera,2019,Lab confirmed,6766,0,0,0,0,1182989,4898807,2226033,1828665,867457,7799.81024996052,0,0,0,0
Mandera,2020,Clinically confirmed,1082,0,0,0,0,1182989,4898807,2226033,1828665,887000,1219.84216459977,0,0,0,0
Mandera,2020,Lab confirmed,4967,0,0,0,0,1182989,4898807,2226033,1828665,887000,5599.77452085682,0,0,0,0
Mandera,2021,Clinically confirmed,1109,0,0,12,0,1182989,4898807,2226033,1828665,911000,1217.34357848518,0,0,2.44957598860294,0
Mandera,2021,Lab confirmed,5553,0,0,0,0,1182989,4898807,2226033,1828665,911000,6095.49945115258,0,0,0,0
Mandera,2022,Clinically confirmed,779,0,0,0,0,1182989,4898807,2226033,1828665,935000,833.155080213904,0,0,0,0
Mandera,2022,Lab confirmed,5512,0,0,0,0,1182989,4898807,2226033,1828665,935000,5895.1871657754,0,0,0,0
Marsabit,2014,Clinically confirmed,2323,0,0,0,0,240736,744475,627832,215234,408240,5690.28022731727,0,0,0,0
Marsabit,2014,Lab confirmed,0,0,0,0,0,240736,744475,627832,215234,408240,0,0,0,0,0
Marsabit,2015,Clinically confirmed,3215,0,0,0,0,240736,744475,627832,215234,418065,7690.19171659909,0,0,0,0
Marsabit,2015,Lab confirmed,1165,0,0,0,0,240736,744475,627832,215234,418065,2786.64800928085,0,0,0,0
Marsabit,2016,Clinically confirmed,2640,0,0,0,0,240736,744475,627832,215234,428126,6166.40895437325,0,0,0,0
Marsabit,2016,Lab confirmed,2962,0,0,0,0,240736,744475,627832,215234,428126,6918.52398592938,0,0,0,0
Marsabit,2017,Clinically confirmed,1892,0,0,0,0,240736,744475,627832,215234,438429,4315.40796799482,0,0,0,0
Marsabit,2017,Lab confirmed,5152,0,0,0,0,240736,744475,627832,215234,438429,11751.0474900155,0,0,0,0
Marsabit,2018,Clinically confirmed,2920,0,0,0,0,240736,744475,627832,215234,448980,6503.63045124504,0,0,0,0
Marsabit,2018,Lab confirmed,6181,0,0,0,0,240736,744475,627832,215234,448980,13766.7602120362,0,0,0,0
Marsabit,2019,Clinically confirmed,2794,0,0,0,0,240736,744475,627832,215234,459785,6076.75326511304,0,0,0,0
Marsabit,2019,Lab confirmed,6193,0,0,0,0,240736,744475,627832,215234,459785,13469.3389301521,0,0,0,0
Marsabit,2020,Clinically confirmed,3277,0,0,0,0,240736,744475,627832,215234,480000,6827.08333333333,0,0,0,0
Marsabit,2020,Lab confirmed,5284,0,0,0,0,240736,744475,627832,215234,480000,11008.3333333333,0,0,0,0
Marsabit,2021,Clinically confirmed,2870,4,8,70,9,240736,744475,627832,215234,491000,5845.21384928717,16.6157118170942,37.1688487878309,94.0259914704994,14.3350450438971
Marsabit,2021,Lab confirmed,5004,0,0,0,0,240736,744475,627832,215234,491000,10191.4460285132,0,0,0,0
Marsabit,2022,Clinically confirmed,2029,20,9,139,28,240736,744475,627832,215234,503000,4033.7972166998,83.0785590854712,41.8149548863098,186.70875449142,44.5979179143465
Marsabit,2022,Lab confirmed,5039,0,0,0,0,240736,744475,627832,215234,503000,10017.8926441352,0,0,0,0
Meru,2014,Clinically confirmed,1803,0,0,0,0,312184,342198,138771,5732,1450757,1242.79944883947,0,0,0,0
Meru,2014,Lab confirmed,0,0,0,0,0,312184,342198,138771,5732,1450757,0,0,0,0,0
Meru,2015,Clinically confirmed,2422,0,0,0,0,312184,342198,138771,5732,1469270,1648.43765951799,0,0,0,0
Meru,2015,Lab confirmed,5123,0,0,0,0,312184,342198,138771,5732,1469270,3486.76553662703,0,0,0,0
Meru,2016,Clinically confirmed,726,0,0,0,0,312184,342198,138771,5732,1488019,487.896995938896,0,0,0,0
Meru,2016,Lab confirmed,5462,0,0,0,0,312184,342198,138771,5732,1488019,3670.65205484607,0,0,0,0
Meru,2017,Clinically confirmed,509,0,0,0,0,312184,342198,138771,5732,1507007,337.755564506336,0,0,0,0
Meru,2017,Lab confirmed,5999,0,0,0,0,312184,342198,138771,5732,1507007,3980.73797931927,0,0,0,0
Meru,2018,Clinically confirmed,605,1,0,0,0,312184,342198,138771,5732,1526238,396.399513051045,3.20323911539349,0,0,0
Meru,2018,Lab confirmed,7854,0,0,0,0,312184,342198,138771,5732,1526238,5145.98640578992,0,0,0,0
Meru,2019,Clinically confirmed,921,0,0,0,0,312184,342198,138771,5732,1545714,595.841145257143,0,0,0,0
Meru,2019,Lab confirmed,6199,0,0,0,0,312184,342198,138771,5732,1545714,4010.44436422262,0,0,0,0
Meru,2020,Clinically confirmed,1539,0,0,0,0,312184,342198,138771,5732,1565000,983.386581469649,0,0,0,0
Meru,2020,Lab confirmed,5038,0,0,0,0,312184,342198,138771,5732,1565000,3219.16932907348,0,0,0,0
Meru,2021,Clinically confirmed,926,0,0,0,0,312184,342198,138771,5732,1586000,583.858764186633,0,0,0,0
Meru,2021,Lab confirmed,3557,0,0,0,0,312184,342198,138771,5732,1586000,2242.74905422446,0,0,0,0
Meru,2022,Clinically confirmed,1465,0,0,0,0,312184,342198,138771,5732,1606000,912.204234122042,0,0,0,0
Meru,2022,Lab confirmed,2070,0,0,0,0,312184,342198,138771,5732,1606000,1288.91656288917,0,0,0,0
Migori,2014,Clinically confirmed,1166,0,0,0,0,323320,142204,70852,0,988235,1179.8813035361,0,,0,0
Migori,2014,Lab confirmed,107,0,0,0,0,323320,142204,70852,0,988235,108.273841748167,0,,0,0
Migori,2015,Clinically confirmed,1045,0,0,0,0,323320,142204,70852,0,1012640,1031.95607520935,0,,0,0
Migori,2015,Lab confirmed,3327,0,0,0,0,323320,142204,70852,0,1012640,3285.47163848949,0,,0,0
Migori,2016,Clinically confirmed,1863,0,0,0,0,323320,142204,70852,0,1037647,1795.40826504582,0,,0,0
Migori,2016,Lab confirmed,10480,0,0,0,0,323320,142204,70852,0,1037647,10099.7738151799,0,,0,0
Migori,2017,Clinically confirmed,3019,0,0,0,0,323320,142204,70852,0,1063272,2839.34872732471,0,,0,0
Migori,2017,Lab confirmed,12965,0,0,0,0,323320,142204,70852,0,1063272,12193.4932924031,0,,0,0
Migori,2018,Clinically confirmed,4235,0,0,0,0,323320,142204,70852,0,1089530,3886.99714555818,0,,0,0
Migori,2018,Lab confirmed,16026,0,0,0,0,323320,142204,70852,0,1089530,14709.0947472764,0,,0,0
Migori,2019,Clinically confirmed,3659,1,0,0,0,323320,142204,70852,0,1116436,3277.39341977507,3.09291104787826,,0,0
Migori,2019,Lab confirmed,17530,0,0,0,0,323320,142204,70852,0,1116436,15701.7509288486,0,,0,0
Migori,2020,Clinically confirmed,4745,0,0,0,0,323320,142204,70852,0,1147000,4136.87881429817,0,,0,0
Migori,2020,Lab confirmed,17173,0,0,0,0,323320,142204,70852,0,1147000,14972.1011333915,0,,0,0
Migori,2021,Clinically confirmed,4267,0,0,0,0,323320,142204,70852,0,1176000,3628.40136054422,0,,0,0
Migori,2021,Lab confirmed,19593,0,0,0,0,323320,142204,70852,0,1176000,16660.7142857143,0,,0,0
Migori,2022,Clinically confirmed,5302,0,0,0,0,323320,142204,70852,0,1205000,4400,0,,0,0
Migori,2022,Lab confirmed,13661,0,0,0,0,323320,142204,70852,0,1205000,11336.9294605809,0,,0,0
Mombasa,2014,Clinically confirmed,96,0,0,0,0,10651,25411,2292,58,1082243,88.7046624464192,0,0,0,0
Mombasa,2014,Lab confirmed,0,0,0,0,0,10651,25411,2292,58,1082243,0,0,0,0,0
Mombasa,2015,Clinically confirmed,199,0,0,0,0,10651,25411,2292,58,1106362,179.868795204463,0,0,0,0
Mombasa,2015,Lab confirmed,168,5,0,0,0,10651,25411,2292,58,1106362,151.849033137436,469.439489249836,0,0,0
Mombasa,2016,Clinically confirmed,307,0,0,0,0,10651,25411,2292,58,1131018,271.4368825253,0,0,0,0
Mombasa,2016,Lab confirmed,200,0,0,0,0,10651,25411,2292,58,1131018,176.831845293355,0,0,0,0
Mombasa,2017,Clinically confirmed,161,0,0,0,0,10651,25411,2292,58,1156224,139.24637440496,0,0,0,0
Mombasa,2017,Lab confirmed,571,0,0,0,0,10651,25411,2292,58,1156224,493.848942765416,0,0,0,0
Mombasa,2018,Clinically confirmed,102,0,0,0,0,10651,25411,2292,58,1181991,86.295073312741,0,0,0,0
Mombasa,2018,Lab confirmed,787,0,0,0,0,10651,25411,2292,58,1181991,665.825712716933,0,0,0,0
Mombasa,2019,Clinically confirmed,106,0,0,0,0,10651,25411,2292,58,1208333,87.7241621308034,0,0,0,0
Mombasa,2019,Lab confirmed,838,0,0,0,0,10651,25411,2292,58,1208333,693.517432694464,0,0,0,0
Mombasa,2020,Clinically confirmed,51,0,0,0,0,10651,25411,2292,58,1228000,41.5309446254072,0,0,0,0
Mombasa,2020,Lab confirmed,1006,0,0,0,0,10651,25411,2292,58,1228000,819.218241042345,0,0,0,0
Mombasa,2021,Clinically confirmed,52,0,0,0,0,10651,25411,2292,58,1256000,41.4012738853503,0,0,0,0
Mombasa,2021,Lab confirmed,1216,0,0,0,0,10651,25411,2292,58,1256000,968.152866242038,0,0,0,0
Mombasa,2022,Clinically confirmed,25,0,0,0,0,10651,25411,2292,58,1284000,19.4704049844237,0,0,0,0
Mombasa,2022,Lab confirmed,695,0,0,0,0,10651,25411,2292,58,1284000,541.277258566978,0,0,0,0
Murang'a,2014,Clinically confirmed,1310,0,0,0,0,210103,173763,56475,0,1001307,1308.2900648852,0,,0,0
Murang'a,2014,Lab confirmed,0,0,0,0,0,210103,173763,56475,0,1001307,0,0,,0,0
Murang'a,2015,Clinically confirmed,489,0,0,0,0,210103,173763,56475,0,1012137,483.136176229107,0,,0,0
Murang'a,2015,Lab confirmed,1210,0,0,0,0,210103,173763,56475,0,1012137,1195.49033381845,0,,0,0
Murang'a,2016,Clinically confirmed,104,0,0,0,0,210103,173763,56475,0,1023084,101.653432171747,0,,0,0
Murang'a,2016,Lab confirmed,1347,0,0,0,0,210103,173763,56475,0,1023084,1316.60743399369,0,,0,0
Murang'a,2017,Clinically confirmed,211,0,0,0,0,210103,173763,56475,0,1034149,204.032494350427,0,,0,0
Murang'a,2017,Lab confirmed,1781,0,0,0,0,210103,173763,56475,0,1034149,1722.188968901,0,,0,0
Murang'a,2018,Clinically confirmed,150,0,0,0,0,210103,173763,56475,0,1045334,143.494806444639,0,,0,0
Murang'a,2018,Lab confirmed,1747,0,0,0,0,210103,173763,56475,0,1045334,1671.23617905856,0,,0,0
Murang'a,2019,Clinically confirmed,159,0,0,0,0,210103,173763,56475,0,1056640,150.476983646275,0,,0,0
Murang'a,2019,Lab confirmed,1433,5,0,0,0,210103,173763,56475,0,1056640,1356.1856450636,23.7978515299639,,0,0
Murang'a,2020,Clinically confirmed,186,21,0,0,0,210103,173763,56475,0,1077000,172.701949860724,99.9509764258483,,0,0
Murang'a,2020,Lab confirmed,1076,0,0,0,0,210103,173763,56475,0,1077000,999.071494893222,0,,0,0
Murang'a,2021,Clinically confirmed,134,0,0,0,0,210103,173763,56475,0,1088000,123.161764705882,0,,0,0
Murang'a,2021,Lab confirmed,1195,0,0,0,0,210103,173763,56475,0,1088000,1098.34558823529,0,,0,0
Murang'a,2022,Clinically confirmed,241,0,0,0,0,210103,173763,56475,0,1100000,219.090909090909,0,,0,0
Murang'a,2022,Lab confirmed,1316,0,0,0,0,210103,173763,56475,0,1100000,1196.36363636364,0,,0,0
Nairobi,2014,Clinically confirmed,3699,0,0,0,0,29329,28415,19109,0,4041978,915.146000299853,0,,0,0
Nairobi,2014,Lab confirmed,0,0,0,0,0,29329,28415,19109,0,4041978,0,0,,0,0
Nairobi,2015,Clinically confirmed,3697,0,0,0,0,29329,28415,19109,0,4110625,899.376615478182,0,,0,0
Nairobi,2015,Lab confirmed,1727,0,0,0,0,29329,28415,19109,0,4110625,420.130758704577,0,,0,0
Nairobi,2016,Clinically confirmed,4378,0,0,0,0,29329,28415,19109,0,4180438,1047.25868437709,0,,0,0
Nairobi,2016,Lab confirmed,2690,0,0,0,0,29329,28415,19109,0,4180438,643.47324371274,0,,0,0
Nairobi,2017,Clinically confirmed,4272,0,0,0,0,29329,28415,19109,0,4251437,1004.83671756162,0,,0,0
Nairobi,2017,Lab confirmed,7214,0,0,0,0,29329,28415,19109,0,4251437,1696.83803382245,0,,0,0
Nairobi,2018,Clinically confirmed,3785,0,0,0,0,29329,28415,19109,0,4323642,875.419380235459,0,,0,0
Nairobi,2018,Lab confirmed,11522,0,0,0,0,29329,28415,19109,0,4323642,2664.88298522403,0,,0,0
Nairobi,2019,Clinically confirmed,2677,0,0,0,0,29329,28415,19109,0,4397073,608.81409064621,0,,0,0
Nairobi,2019,Lab confirmed,11023,0,0,0,0,29329,28415,19109,0,4397073,2506.89492760298,0,,0,0
Nairobi,2020,Clinically confirmed,4519,0,0,0,0,29329,28415,19109,0,4516000,1000.66430469442,0,,0,0
Nairobi,2020,Lab confirmed,10398,0,0,0,0,29329,28415,19109,0,4516000,2302.48007085917,0,,0,0
Nairobi,2021,Clinically confirmed,3114,0,0,0,0,29329,28415,19109,0,4594000,677.840661732695,0,,0,0
Nairobi,2021,Lab confirmed,10596,0,0,0,0,29329,28415,19109,0,4594000,2306.48672181106,0,,0,0
Nairobi,2022,Clinically confirmed,2027,0,0,0,0,29329,28415,19109,0,4672000,433.861301369863,0,,0,0
Nairobi,2022,Lab confirmed,11734,0,0,0,0,29329,28415,19109,0,4672000,2511.55821917808,0,,0,0
Nakuru,2014,Clinically confirmed,7233,0,0,0,0,396526,205392,532221,388,1942522,3723.50995252563,0,0,0,0
Nakuru,2014,Lab confirmed,293,0,0,0,0,396526,205392,532221,388,1942522,150.83484253975,0,0,0,0
Nakuru,2015,Clinically confirmed,6005,0,0,0,0,396526,205392,532221,388,1984595,3025.80627281637,0,0,0,0
Nakuru,2015,Lab confirmed,27888,0,0,0,0,396526,205392,532221,388,1984595,14052.2373582519,0,0,0,0
Nakuru,2016,Clinically confirmed,6363,0,0,0,0,396526,205392,532221,388,2027580,3138.22389252212,0,0,0,0
Nakuru,2016,Lab confirmed,32713,0,0,0,0,396526,205392,532221,388,2027580,16134.0119748666,0,0,0,0
Nakuru,2017,Clinically confirmed,5741,1,0,0,0,396526,205392,532221,388,2071496,2771.42702665127,2.52190272516808,0,0,0
Nakuru,2017,Lab confirmed,34438,0,0,0,0,396526,205392,532221,388,2071496,16624.700216655,0,0,0,0
Nakuru,2018,Clinically confirmed,8475,1,0,0,0,396526,205392,532221,388,2116363,4004.51151338405,2.52190272516808,0,0,0
Nakuru,2018,Lab confirmed,40000,0,0,0,0,396526,205392,532221,388,2116363,18900.3493257064,0,0,0,0
Nakuru,2019,Clinically confirmed,9756,20,0,20,0,396526,205392,532221,388,2162202,4512.06686516801,50.4380545033617,0,97.3747760380151,0
Nakuru,2019,Lab confirmed,42343,2,0,0,0,396526,205392,532221,388,2162202,19583.2766781272,5.04380545033617,0,0,0
Nakuru,2020,Clinically confirmed,10952,0,0,0,0,396526,205392,532221,388,2202000,4973.66030881017,0,0,0,0
Nakuru,2020,Lab confirmed,39230,0,0,0,0,396526,205392,532221,388,2202000,17815.6221616712,0,0,0,0
Nakuru,2021,Clinically confirmed,8520,2,0,0,0,396526,205392,532221,388,2251000,3784.98445135495,5.04380545033617,0,0,0
Nakuru,2021,Lab confirmed,32450,0,0,0,0,396526,205392,532221,388,2251000,14415.8151932474,0,0,0,0
Nakuru,2022,Clinically confirmed,6983,4,0,0,3,396526,205392,532221,388,2299000,3037.40756850805,10.0876109006723,0,0,5.63675615956529
Nakuru,2022,Lab confirmed,25275,1,0,0,0,396526,205392,532221,388,2299000,10993.9103958243,2.52190272516808,0,0,0
Nandi,2014,Clinically confirmed,4291,0,0,0,0,243418,35096,97712,0,816256,5256.92919868277,0,,0,0
Nandi,2014,Lab confirmed,60,0,0,0,0,243418,35096,97712,0,816256,73.506350948722,0,,0,0
Nandi,2015,Clinically confirmed,5969,0,0,0,0,243418,35096,97712,0,829697,7194.19257873657,0,,0,0
Nandi,2015,Lab confirmed,5476,0,0,0,0,243418,35096,97712,0,829697,6599.99975894815,0,,0,0
Nandi,2016,Clinically confirmed,10900,0,0,0,0,243418,35096,97712,0,843359,12924.5078311846,0,,0,0
Nandi,2016,Lab confirmed,17341,0,0,0,0,243418,35096,97712,0,843359,20561.8247982176,0,,0,0
Nandi,2017,Clinically confirmed,10282,0,0,0,0,243418,35096,97712,0,857246,11994.2233617888,0,,0,0
Nandi,2017,Lab confirmed,15753,0,0,0,0,243418,35096,97712,0,857246,18376.288719924,0,,0,0
Nandi,2018,Clinically confirmed,17591,0,0,0,0,243418,35096,97712,0,871362,20187.9356685281,0,,0,0
Nandi,2018,Lab confirmed,36924,0,0,0,0,243418,35096,97712,0,871362,42375.0404539101,0,,0,0
Nandi,2019,Clinically confirmed,15067,5,0,0,0,243418,35096,97712,0,885711,17011.1921382934,20.5407981332523,,0,0
Nandi,2019,Lab confirmed,42507,0,0,0,0,243418,35096,97712,0,885711,47991.9522282099,0,,0,0
Nandi,2020,Clinically confirmed,11237,0,0,0,0,243418,35096,97712,0,906000,12402.8697571744,0,,0,0
Nandi,2020,Lab confirmed,24954,0,0,0,0,243418,35096,97712,0,906000,27543.0463576159,0,,0,0
Nandi,2021,Clinically confirmed,7055,0,0,0,0,243418,35096,97712,0,921000,7660.15200868621,0,,0,0
Nandi,2021,Lab confirmed,16052,0,0,0,0,243418,35096,97712,0,921000,17428.88165038,0,,0,0
Nandi,2022,Clinically confirmed,12225,2,0,0,0,243418,35096,97712,0,936000,13060.8974358974,8.21631925330091,,0,0
Nandi,2022,Lab confirmed,14154,0,0,0,0,243418,35096,97712,0,936000,15121.7948717949,0,,0,0
Narok,2014,Clinically confirmed,4082,0,0,0,0,1488891,1015845,2603542,1619,1002532,4071.69047970539,0,0,0,0
Narok,2014,Lab confirmed,50,0,0,0,0,1488891,1015845,2603542,1619,1002532,49.8737197416142,0,0,0,0
Narok,2015,Clinically confirmed,3920,0,0,0,0,1488891,1015845,2603542,1619,1031836,3799.05333793355,0,0,0,0
Narok,2015,Lab confirmed,8574,0,0,0,0,1488891,1015845,2603542,1619,1031836,8309.46003046996,0,0,0,0
Narok,2016,Clinically confirmed,3900,0,0,0,0,1488891,1015845,2603542,1619,1061997,3672.32675798519,0,0,0,0
Narok,2016,Lab confirmed,10544,0,0,0,0,1488891,1015845,2603542,1619,1061997,9928.46495799894,0,0,0,0
Narok,2017,Clinically confirmed,3878,0,0,0,0,1488891,1015845,2603542,1619,1093039,3547.90634185971,0,0,0,0
Narok,2017,Lab confirmed,14289,0,0,0,0,1488891,1015845,2603542,1619,1093039,13072.7265907255,0,0,0,0
Narok,2018,Clinically confirmed,6943,4,0,0,0,1488891,1015845,2603542,1619,1124989,6171.61590024436,2.68656335487285,0,0,0
Narok,2018,Lab confirmed,21734,0,0,0,0,1488891,1015845,2603542,1619,1124989,19319.3000109334,0,0,0,0
Narok,2019,Clinically confirmed,8751,0,0,0,0,1488891,1015845,2603542,1619,1157873,7557.8236991449,0,0,0,0
Narok,2019,Lab confirmed,24440,0,0,0,0,1488891,1015845,2603542,1619,1157873,21107.6689757858,0,0,0,0
Narok,2020,Clinically confirmed,8004,0,0,0,0,1488891,1015845,2603542,1619,1178000,6794.56706281834,0,0,0,0
Narok,2020,Lab confirmed,19723,0,0,0,0,1488891,1015845,2603542,1619,1178000,16742.7843803056,0,0,0,0
Narok,2021,Clinically confirmed,6528,0,0,0,0,1488891,1015845,2603542,1619,1213000,5381.69826875515,0,0,0,0
Narok,2021,Lab confirmed,23012,0,0,0,0,1488891,1015845,2603542,1619,1213000,18971.1459192086,0,0,0,0
Narok,2022,Clinically confirmed,6174,0,0,0,0,1488891,1015845,2603542,1619,1249000,4943.1545236189,0,0,0,0
Narok,2022,Lab confirmed,21010,0,0,0,0,1488891,1015845,2603542,1619,1249000,16821.4571657326,0,0,0,0
Nyamira,2014,Clinically confirmed,1748,0,0,0,0,119625,39335,11787,0,588216,2971.69747167707,0,,0,0
Nyamira,2014,Lab confirmed,0,0,0,0,0,119625,39335,11787,0,588216,0,0,,0,0
Nyamira,2015,Clinically confirmed,1622,0,0,0,0,119625,39335,11787,0,591648,2741.49494293905,0,,0,0
Nyamira,2015,Lab confirmed,10266,0,0,0,0,119625,39335,11787,0,591648,17351.5333441506,0,,0,0
Nyamira,2016,Clinically confirmed,3007,0,0,0,0,119625,39335,11787,0,595100,5052.93228028903,0,,0,0
Nyamira,2016,Lab confirmed,15624,0,0,0,0,119625,39335,11787,0,595100,26254.4110233574,0,,0,0
Nyamira,2017,Clinically confirmed,1993,0,0,0,0,119625,39335,11787,0,598572,3329.59109346912,0,,0,0
Nyamira,2017,Lab confirmed,10049,0,0,0,0,119625,39335,11787,0,598572,16788.2894622535,0,,0,0
Nyamira,2018,Clinically confirmed,2198,0,0,0,0,119625,39335,11787,0,602064,3650.77466847378,0,,0,0
Nyamira,2018,Lab confirmed,11762,0,0,0,0,119625,39335,11787,0,602064,19536.1290494034,0,,0,0
Nyamira,2019,Clinically confirmed,2147,0,0,0,0,119625,39335,11787,0,605576,3545.38488975785,0,,0,0
Nyamira,2019,Lab confirmed,11582,0,0,0,0,119625,39335,11787,0,605576,19125.5928240221,0,,0,0
Nyamira,2020,Clinically confirmed,2122,0,0,0,0,119625,39335,11787,0,646000,3284.82972136223,0,,0,0
Nyamira,2020,Lab confirmed,11559,0,0,0,0,119625,39335,11787,0,646000,17893.1888544892,0,,0,0
Nyamira,2021,Clinically confirmed,2502,24,0,0,0,119625,39335,11787,0,650000,3849.23076923077,200.626959247649,,0,0
Nyamira,2021,Lab confirmed,8564,0,0,0,0,119625,39335,11787,0,650000,13175.3846153846,0,,0,0
Nyamira,2021,Post Mortem,0,1,0,0,0,119625,39335,11787,0,650000,0,8.3594566353187,,0,0
Nyamira,2022,Clinically confirmed,1965,0,0,0,0,119625,39335,11787,0,654000,3004.5871559633,0,,0,0
Nyamira,2022,Lab confirmed,7027,0,0,0,0,119625,39335,11787,0,654000,10744.6483180428,0,,0,0
Nyandarua,2014,Clinically confirmed,1473,0,0,0,0,211363,37009,277762,0,580503,2537.454586798,0,,0,0
Nyandarua,2014,Lab confirmed,0,0,0,0,0,211363,37009,277762,0,580503,0,0,,0,0
Nyandarua,2015,Clinically confirmed,1930,0,0,0,0,211363,37009,277762,0,591626,3262.19604953129,0,,0,0
Nyandarua,2015,Lab confirmed,7406,0,0,0,0,211363,37009,277762,0,591626,12518.0434936937,0,,0,0
Nyandarua,2016,Clinically confirmed,2347,0,0,0,0,211363,37009,277762,0,602962,3892.4509338897,0,,0,0
Nyandarua,2016,Lab confirmed,11456,0,0,0,0,211363,37009,277762,0,602962,18999.5389427526,0,,0,0
Nyandarua,2017,Clinically confirmed,2472,0,0,0,0,211363,37009,277762,0,614515,4022.68455611336,0,,0,0
Nyandarua,2017,Lab confirmed,8160,0,0,0,0,211363,37009,277762,0,614515,13278.7645541606,0,,0,0
Nyandarua,2018,Clinically confirmed,1371,0,0,0,0,211363,37009,277762,0,626289,2189.08523062037,0,,0,0
Nyandarua,2018,Lab confirmed,10763,0,0,0,0,211363,37009,277762,0,626289,17185.3569198884,0,,0,0
Nyandarua,2019,Clinically confirmed,2048,0,0,0,0,211363,37009,277762,0,638289,3208.5779325666,0,,0,0
Nyandarua,2019,Lab confirmed,11596,0,0,0,0,211363,37009,277762,0,638289,18167.3191924034,0,,0,0
Nyandarua,2020,Clinically confirmed,1893,0,0,0,0,211363,37009,277762,0,657000,2881.27853881279,0,,0,0
Nyandarua,2020,Lab confirmed,8963,0,0,0,0,211363,37009,277762,0,657000,13642.3135464231,0,,0,0
Nyandarua,2021,Clinically confirmed,1573,2,0,0,0,211363,37009,277762,0,670000,2347.76119402985,9.46239408032626,,0,0
Nyandarua,2021,Lab confirmed,7673,0,0,0,0,211363,37009,277762,0,670000,11452.2388059702,0,,0,0
Nyandarua,2022,Clinically confirmed,917,0,0,0,0,211363,37009,277762,0,683000,1342.60614934114,0,,0,0
Nyandarua,2022,Lab confirmed,6350,0,0,0,0,211363,37009,277762,0,683000,9297.21815519766,0,,0,0
Nyeri,2014,Clinically confirmed,364,0,0,0,0,164507,107460,153728,0,720500,505.204718945177,0,,0,0
Nyeri,2014,Lab confirmed,0,1,0,0,0,164507,107460,153728,0,720500,0,6.07876868461525,,0,0
Nyeri,2015,Clinically confirmed,95,0,0,0,0,164507,107460,153728,0,728072,130.481600720808,0,,0,0
Nyeri,2015,Lab confirmed,1685,11,0,0,0,164507,107460,153728,0,728072,2314.33154962696,66.8664555307677,,0,0
Nyeri,2016,Clinically confirmed,79,0,0,0,0,164507,107460,153728,0,735724,107.377222980357,0,,0,0
Nyeri,2016,Lab confirmed,2153,0,0,0,0,164507,107460,153728,0,735724,2926.36912755327,0,,0,0
Nyeri,2017,Clinically confirmed,65,0,0,0,0,164507,107460,153728,0,743456,87.4295183575087,0,,0,0
Nyeri,2017,Lab confirmed,1720,0,0,0,0,164507,107460,153728,0,743456,2313.519562691,0,,0,0
Nyeri,2018,Clinically confirmed,77,0,0,0,0,164507,107460,153728,0,751269,102.493248090897,0,,0,0
Nyeri,2018,Lab confirmed,2232,0,0,0,0,164507,107460,153728,0,751269,2970.97311349197,0,,0,0
Nyeri,2019,Clinically confirmed,208,0,0,0,0,164507,107460,153728,0,759164,273.985594680464,0,,0,0
Nyeri,2019,Lab confirmed,1624,0,0,0,0,164507,107460,153728,0,759164,2139.19522000516,0,,0,0
Nyeri,2020,Clinically confirmed,179,0,0,0,0,164507,107460,153728,0,810000,220.987654320988,0,,0,0
Nyeri,2020,Lab confirmed,1150,0,0,0,0,164507,107460,153728,0,810000,1419.75308641975,0,,0,0
Nyeri,2021,Clinically confirmed,80,0,0,0,0,164507,107460,153728,0,818000,97.799511002445,0,,0,0
Nyeri,2021,Lab confirmed,1159,0,0,0,0,164507,107460,153728,0,818000,1416.87041564792,0,,0,0
Nyeri,2022,Clinically confirmed,94,0,0,0,0,164507,107460,153728,0,827000,113.6638452237,0,,0,0
Nyeri,2022,Lab confirmed,1465,0,0,0,0,164507,107460,153728,0,827000,1771.46311970979,0,,0,0
Samburu,2014,Clinically confirmed,413,0,0,0,0,285633,716587,566772,48172,269525,1532.32538725536,0,0,0,0
Samburu,2014,Lab confirmed,0,0,0,0,0,285633,716587,566772,48172,269525,0,0,0,0,0
Samburu,2015,Clinically confirmed,543,0,0,0,0,285633,716587,566772,48172,277232,1958.64835228257,0,0,0,0
Samburu,2015,Lab confirmed,2975,0,0,0,0,285633,716587,566772,48172,277232,10731.0844346973,0,0,0,0
Samburu,2016,Clinically confirmed,1272,0,0,0,0,285633,716587,566772,48172,285159,4460.66931080555,0,0,0,0
Samburu,2016,Lab confirmed,3937,0,0,0,0,285633,716587,566772,48172,285159,13806.3326074225,0,0,0,0
Samburu,2017,Clinically confirmed,745,0,0,0,0,285633,716587,566772,48172,293313,2539.94879190489,0,0,0,0
Samburu,2017,Lab confirmed,3892,0,0,0,0,285633,716587,566772,48172,293313,13269.1016081797,0,0,0,0
Samburu,2018,Clinically confirmed,665,0,0,0,0,285633,716587,566772,48172,301700,2204.17633410673,0,0,0,0
Samburu,2018,Lab confirmed,4090,0,0,0,0,285633,716587,566772,48172,301700,13556.513092476,0,0,0,0
Samburu,2019,Clinically confirmed,1015,0,0,0,0,285633,716587,566772,48172,310327,3270.74344159548,0,0,0,0
Samburu,2019,Lab confirmed,5129,0,0,0,0,285633,716587,566772,48172,310327,16527.7272038849,0,0,0,0
Samburu,2020,Clinically confirmed,721,0,0,0,8,285633,716587,566772,48172,320000,2253.125,0,0,0,14.115023325076
Samburu,2020,Lab confirmed,4267,0,0,0,0,285633,716587,566772,48172,320000,13334.375,0,0,0,0
Samburu,2021,Clinically confirmed,825,0,0,10,0,285633,716587,566772,48172,330000,2500,0,0,13.9550396532452,0
Samburu,2021,Lab confirmed,4875,0,0,0,0,285633,716587,566772,48172,330000,14772.7272727273,0,0,0,0
Samburu,2022,Clinically confirmed,468,0,0,47,0,285633,716587,566772,48172,339000,1380.53097345133,0,0,65.5886863702523,0
Samburu,2022,Lab confirmed,3108,0,0,0,0,285633,716587,566772,48172,339000,9168.14159292035,0,0,0,0
Siaya,2014,Clinically confirmed,772,0,0,0,0,326181,163222,133110,0,906495,851.631834703997,0,,0,0
Siaya,2014,Lab confirmed,8,0,0,0,0,326181,163222,133110,0,906495,8.82520035962691,0,,0,0
Siaya,2015,Clinically confirmed,863,0,0,0,0,326181,163222,133110,0,923205,934.786964975276,0,,0,0
Siaya,2015,Lab confirmed,3745,0,0,0,0,326181,163222,133110,0,923205,4056.52049111519,0,,0,0
Siaya,2016,Clinically confirmed,1568,0,0,0,0,326181,163222,133110,0,940223,1667.68947366742,0,,0,0
Siaya,2016,Lab confirmed,5498,0,0,0,0,326181,163222,133110,0,940223,5847.54893254047,0,,0,0
Siaya,2017,Clinically confirmed,709,1,0,0,0,326181,163222,133110,0,957555,740.427442810074,3.06578249499511,,0,0
Siaya,2017,Lab confirmed,3116,0,0,0,0,326181,163222,133110,0,957555,3254.12117319632,0,,0,0
Siaya,2018,Clinically confirmed,819,2,0,2,0,326181,163222,133110,0,975206,839.822560566691,6.13156498999022,,12.2532501746088,0
Siaya,2018,Lab confirmed,4975,0,0,0,0,326181,163222,133110,0,975206,5101.4862500846,0,,0,0
Siaya,2018,Post Mortem,0,1,0,0,0,326181,163222,133110,0,975206,0,3.06578249499511,,0,0
Siaya,2019,Clinically confirmed,972,1,0,0,0,326181,163222,133110,0,993183,978.671604326695,3.06578249499511,,0,0
Siaya,2019,Lab confirmed,4851,0,0,0,0,326181,163222,133110,0,993183,4884.29624751934,0,,0,0
Siaya,2020,Clinically confirmed,793,1,0,0,0,326181,163222,133110,0,1003000,790.628115653041,3.06578249499511,,0,0
Siaya,2020,Lab confirmed,5233,0,0,0,0,326181,163222,133110,0,1003000,5217.34795613161,0,,0,0
Siaya,2021,Clinically confirmed,815,0,0,0,0,326181,163222,133110,0,1022000,797.455968688845,0,,0,0
Siaya,2021,Lab confirmed,3657,0,0,0,0,326181,163222,133110,0,1022000,3578.27788649706,0,,0,0
Siaya,2022,Clinically confirmed,816,2,0,3,0,326181,163222,133110,0,1041000,783.861671469741,6.13156498999022,,18.3798752619132,0
Siaya,2022,Lab confirmed,4750,0,0,0,0,326181,163222,133110,0,1041000,4562.92026897214,0,,0,0
Taita Taveta,2014,Clinically confirmed,278,0,0,0,0,114814,202113,46535,2630,320392,867.68708332293,0,0,0,0
Taita Taveta,2014,Lab confirmed,0,0,0,0,0,114814,202113,46535,2630,320392,0,0,0,0,0
Taita Taveta,2015,Clinically confirmed,616,0,0,0,0,114814,202113,46535,2630,324349,1899.18883671601,0,0,0,0
Taita Taveta,2015,Lab confirmed,158,0,0,0,0,114814,202113,46535,2630,324349,487.129604222612,0,0,0,0
Taita Taveta,2016,Clinically confirmed,109,0,0,0,0,114814,202113,46535,2630,328355,331.957789587489,0,0,0,0
Taita Taveta,2016,Lab confirmed,426,0,0,0,0,114814,202113,46535,2630,328355,1297.37631526854,0,0,0,0
Taita Taveta,2017,Clinically confirmed,125,0,0,0,0,114814,202113,46535,2630,332410,376.041635329864,0,0,0,0
Taita Taveta,2017,Lab confirmed,392,0,0,0,0,114814,202113,46535,2630,332410,1179.26656839445,0,0,0,0
Taita Taveta,2018,Clinically confirmed,363,0,0,0,0,114814,202113,46535,2630,336515,1078.70377249157,0,0,0,0
Taita Taveta,2018,Lab confirmed,2156,0,0,0,0,114814,202113,46535,2630,336515,6406.8466487378,0,0,0,0
Taita Taveta,2019,Clinically confirmed,362,0,0,0,0,114814,202113,46535,2630,340671,1062.60879264745,0,0,0,0
Taita Taveta,2019,Lab confirmed,2296,0,0,0,0,114814,202113,46535,2630,340671,6739.64029811754,0,0,0,0
Taita Taveta,2020,Clinically confirmed,337,4,0,0,0,114814,202113,46535,2630,351000,960.11396011396,34.8389569216298,0,0,0
Taita Taveta,2020,Lab confirmed,1849,0,0,0,0,114814,202113,46535,2630,351000,5267.80626780627,0,0,0,0
Taita Taveta,2021,Clinically confirmed,146,0,0,0,0,114814,202113,46535,2630,355000,411.267605633803,0,0,0,0
Taita Taveta,2021,Lab confirmed,1076,0,0,0,0,114814,202113,46535,2630,355000,3030.98591549296,0,0,0,0
Taita Taveta,2022,Clinically confirmed,169,0,0,0,0,114814,202113,46535,2630,360000,469.444444444444,0,0,0,0
Taita Taveta,2022,Lab confirmed,702,15,0,0,0,114814,202113,46535,2630,360000,1950,130.646088456112,0,0,0
Tana River,2014,Clinically confirmed,420,0,0,0,0,271833,590856,448066,53298,277521,1513.39898602268,0,0,0,0
Tana River,2014,Lab confirmed,0,0,0,0,0,271833,590856,448066,53298,277521,0,0,0,0,0
Tana River,2015,Clinically confirmed,135,0,0,0,0,271833,590856,448066,53298,284812,473.996882153842,0,0,0,0
Tana River,2015,Lab confirmed,483,0,0,0,0,271833,590856,448066,53298,284812,1695.85551170597,0,0,0,0
Tana River,2016,Clinically confirmed,179,0,0,8,0,271833,590856,448066,53298,292295,612.395011888674,0,0,13.5396780264565,0
Tana River,2016,Lab confirmed,928,0,0,0,0,271833,590856,448066,53298,292295,3174.87469850665,0,0,0,0
Tana River,2017,Clinically confirmed,129,0,0,0,0,271833,590856,448066,53298,299974,430.037269896724,0,0,0,0
Tana River,2017,Lab confirmed,976,0,0,0,0,271833,590856,448066,53298,299974,3253.61531332716,0,0,0,0
Tana River,2018,Clinically confirmed,160,0,0,0,0,271833,590856,448066,53298,307855,519.725195302984,0,0,0,0
Tana River,2018,Lab confirmed,1126,0,0,0,0,271833,590856,448066,53298,307855,3657.56606194475,0,0,0,0
Tana River,2019,Clinically confirmed,1208,0,0,0,0,271833,590856,448066,53298,315943,3823.47448748667,0,0,0,0
Tana River,2019,Lab confirmed,918,0,0,0,0,271833,590856,448066,53298,315943,2905.58740025891,0,0,0,0
Tana River,2020,Clinically confirmed,362,0,13,0,0,271833,590856,448066,53298,326000,1110.42944785276,0,243.911591429322,0,0
Tana River,2020,Lab confirmed,1962,0,0,0,0,271833,590856,448066,53298,326000,6018.40490797546,0,0,0,0
Tana River,2021,Clinically confirmed,209,0,0,0,0,271833,590856,448066,53298,335000,623.880597014925,0,0,0,0
Tana River,2021,Lab confirmed,1026,0,0,0,0,271833,590856,448066,53298,335000,3062.68656716418,0,0,0,0
Tana River,2022,Clinically confirmed,293,0,0,0,0,271833,590856,448066,53298,344000,851.744186046512,0,0,0,0
Tana River,2022,Lab confirmed,1631,0,0,0,0,271833,590856,448066,53298,344000,4741.27906976744,0,0,0,0
Tharaka Nithi,2014,Clinically confirmed,1401,0,0,0,0,90706,214217,53816,124,372588,3760.18551322104,0,0,0,0
Tharaka Nithi,2014,Lab confirmed,0,0,0,0,0,90706,214217,53816,124,372588,0,0,0,0,0
Tharaka Nithi,2015,Clinically confirmed,1659,0,0,0,0,90706,214217,53816,124,376618,4404.99391956837,0,0,0,0
Tharaka Nithi,2015,Lab confirmed,160,0,0,0,0,90706,214217,53816,124,376618,424.833651073502,0,0,0,0
Tharaka Nithi,2016,Clinically confirmed,1876,0,0,0,0,90706,214217,53816,124,380691,4927.88114244886,0,0,0,0
Tharaka Nithi,2016,Lab confirmed,4901,0,0,0,0,90706,214217,53816,124,380691,12873.9581445319,0,0,0,0
Tharaka Nithi,2017,Clinically confirmed,1536,0,0,0,0,90706,214217,53816,124,384808,3991.60100621609,0,0,0,0
Tharaka Nithi,2017,Lab confirmed,5556,0,0,0,0,90706,214217,53816,124,384808,14438.3692646723,0,0,0,0
Tharaka Nithi,2018,Clinically confirmed,1222,1,0,0,0,90706,214217,53816,124,388970,3141.63045993264,11.0246290212334,0,0,0
Tharaka Nithi,2018,Lab confirmed,5549,0,0,0,0,90706,214217,53816,124,388970,14265.8816875337,0,0,0,0
Tharaka Nithi,2019,Clinically confirmed,1045,3,0,6,0,90706,214217,53816,124,393177,2657.83603822197,33.0738870637003,0,28.0089815467493,0
Tharaka Nithi,2019,Lab confirmed,8972,0,0,0,0,90706,214217,53816,124,393177,22819.2391721795,0,0,0,0
Tharaka Nithi,2019,Post Mortem,0,1,0,0,0,90706,214217,53816,124,393177,0,11.0246290212334,0,0,0
Tharaka Nithi,2020,Clinically confirmed,1433,0,0,0,0,90706,214217,53816,124,403000,3555.83126550869,0,0,0,0
Tharaka Nithi,2020,Lab confirmed,7258,0,0,0,0,90706,214217,53816,124,403000,18009.9255583127,0,0,0,0
Tharaka Nithi,2021,Clinically confirmed,2179,0,0,0,0,90706,214217,53816,124,408000,5340.6862745098,0,0,0,0
Tharaka Nithi,2021,Lab confirmed,9340,0,0,0,0,90706,214217,53816,124,408000,22892.1568627451,0,0,0,0
Tharaka Nithi,2022,Clinically confirmed,1366,0,0,0,0,90706,214217,53816,124,412000,3315.53398058252,0,0,0,0
Tharaka Nithi,2022,Lab confirmed,6418,0,0,0,0,90706,214217,53816,124,412000,15577.6699029126,0,0,0,0
Trans Nzoia,2014,Clinically confirmed,5813,0,0,0,0,183468,28199,136345,0,901143,6450.69650432839,0,,0,0
Trans Nzoia,2014,Lab confirmed,0,0,0,0,0,183468,28199,136345,0,901143,0,0,,0,0
Trans Nzoia,2015,Clinically confirmed,6856,0,0,0,0,183468,28199,136345,0,918316,7465.83964561219,0,,0,0
Trans Nzoia,2015,Lab confirmed,12319,0,0,0,0,183468,28199,136345,0,918316,13414.7722570444,0,,0,0
Trans Nzoia,2016,Clinically confirmed,5733,0,0,0,0,183468,28199,136345,0,935816,6126.20429657112,0,,0,0
Trans Nzoia,2016,Lab confirmed,21084,0,0,0,0,183468,28199,136345,0,935816,22530.0700137634,0,,0,0
Trans Nzoia,2017,Clinically confirmed,3765,0,0,0,0,183468,28199,136345,0,953649,3947.99344412882,0,,0,0
Trans Nzoia,2017,Lab confirmed,17583,0,0,0,0,183468,28199,136345,0,953649,18437.601255808,0,,0,0
Trans Nzoia,2018,Clinically confirmed,4212,0,0,0,0,183468,28199,136345,0,971822,4334.12703149342,0,,0,0
Trans Nzoia,2018,Lab confirmed,23621,0,0,0,0,183468,28199,136345,0,971822,24305.8914080974,0,,0,0
Trans Nzoia,2019,Clinically confirmed,6841,0,0,0,0,183468,28199,136345,0,990341,6907.72168374328,0,,0,0
Trans Nzoia,2019,Lab confirmed,28410,0,0,0,0,183468,28199,136345,0,990341,28687.088588678,0,,0,0
Trans Nzoia,2020,Clinically confirmed,6147,3,0,0,0,183468,28199,136345,0,1010000,6086.13861386139,16.3516253515599,,0,0
Trans Nzoia,2020,Lab confirmed,24348,0,0,0,0,183468,28199,136345,0,1010000,24106.9306930693,0,,0,0
Trans Nzoia,2021,Clinically confirmed,6228,2,0,0,0,183468,28199,136345,0,1030000,6046.60194174757,10.9010835677066,,0,0
Trans Nzoia,2021,Lab confirmed,28529,0,0,0,0,183468,28199,136345,0,1030000,27698.0582524272,0,,0,0
Trans Nzoia,2022,Clinically confirmed,6256,1,0,0,0,183468,28199,136345,0,1049000,5963.77502383222,5.45054178385332,,0,0
Trans Nzoia,2022,Lab confirmed,23939,0,0,0,0,183468,28199,136345,0,1049000,22820.7816968541,0,,0,0
Turkana,2014,Clinically confirmed,1512,0,0,0,0,324804,1990929,1053756,261923,813827,1857.88871590645,0,0,0,0
Turkana,2014,Lab confirmed,75,0,0,0,0,324804,1990929,1053756,261923,813827,92.1571783683756,0,0,0,0
Turkana,2015,Clinically confirmed,1321,0,0,0,0,324804,1990929,1053756,261923,835294,1581.47909598297,0,0,0,0
Turkana,2015,Lab confirmed,6964,0,0,0,0,324804,1990929,1053756,261923,835294,8337.18427284286,0,0,0,0
Turkana,2016,Clinically confirmed,2558,0,0,0,0,324804,1990929,1053756,261923,857327,2983.69233676299,0,0,0,0
Turkana,2016,Lab confirmed,7950,0,0,0,0,324804,1990929,1053756,261923,857327,9273.00784881381,0,0,0,0
Turkana,2017,Clinically confirmed,3712,0,0,0,0,324804,1990929,1053756,261923,879942,4218.45985303577,0,0,0,0
Turkana,2017,Lab confirmed,9946,0,0,0,0,324804,1990929,1053756,261923,879942,11303.0176988938,0,0,0,0
Turkana,2018,Clinically confirmed,2667,0,0,0,0,324804,1990929,1053756,261923,903153,2952.98803192815,0,0,0,0
Turkana,2018,Lab confirmed,7960,0,0,0,0,324804,1990929,1053756,261923,903153,8813.5675793581,0,0,0,0
Turkana,2019,Clinically confirmed,2737,0,0,0,0,324804,1990929,1053756,261923,926976,2952.61150234742,0,0,0,0
Turkana,2019,Lab confirmed,9001,0,0,0,0,324804,1990929,1053756,261923,926976,9710.06800607567,0,0,0,0
Turkana,2020,Clinically confirmed,3292,0,0,1,0,324804,1990929,1053756,261923,946000,3479.91543340381,0,0,0.502278082242009,0
Turkana,2020,Lab confirmed,10728,28,0,48,10,324804,1990929,1053756,261923,946000,11340.3805496829,86.205834903511,0,24.1093479476164,9.48986292841986
Turkana,2021,Clinically confirmed,3015,0,0,0,1,324804,1990929,1053756,261923,972000,3101.85185185185,0,0,0,0.948986292841986
Turkana,2021,Lab confirmed,10671,27,0,74,6,324804,1990929,1053756,261923,972000,10978.3950617284,83.1270550855285,0,37.1685780859086,5.69391775705192
Turkana,2022,Clinically confirmed,2185,0,0,42,0,324804,1990929,1053756,261923,997000,2191.57472417252,0,0,21.0956794541644,0
Turkana,2022,Lab confirmed,9647,0,0,10,0,324804,1990929,1053756,261923,997000,9676.02808425276,0,0,5.02278082242009,0
Uasin Gishu,2014,Clinically confirmed,6749,0,0,0,0,278422,45854,219925,148,1050892,6422.16326701507,0,0,0,0
Uasin Gishu,2014,Lab confirmed,0,2,0,0,0,278422,45854,219925,148,1050892,0,7.18334039695139,0,0,0
Uasin Gishu,2015,Clinically confirmed,6894,0,0,0,0,278422,45854,219925,148,1072448,6428.28370233335,0,0,0,0
Uasin Gishu,2015,Lab confirmed,10105,8,0,0,0,278422,45854,219925,148,1072448,9422.36826400907,28.7333615878056,0,0,0
Uasin Gishu,2016,Clinically confirmed,8045,0,0,0,0,278422,45854,219925,148,1094446,7350.75097355192,0,0,0,0
Uasin Gishu,2016,Lab confirmed,23359,0,0,0,0,278422,45854,219925,148,1094446,21343.2183954256,0,0,0,0
Uasin Gishu,2017,Clinically confirmed,8991,0,0,0,0,278422,45854,219925,148,1116896,8049.98853966708,0,0,0,0
Uasin Gishu,2017,Lab confirmed,29570,0,0,0,0,278422,45854,219925,148,1116896,26475.1597283901,0,0,0,0
Uasin Gishu,2018,Clinically confirmed,9118,0,0,0,0,278422,45854,219925,148,1139806,7999.60695065651,0,0,0,0
Uasin Gishu,2018,Lab confirmed,27036,0,0,0,0,278422,45854,219925,148,1139806,23719.8260054781,0,0,0,0
Uasin Gishu,2019,Clinically confirmed,7626,0,0,0,0,278422,45854,219925,148,1163186,6556.13117764485,0,0,0,0
Uasin Gishu,2019,Lab confirmed,26918,0,0,0,0,278422,45854,219925,148,1163186,23141.6127773202,0,0,0,0
Uasin Gishu,2020,Clinically confirmed,7303,0,0,0,0,278422,45854,219925,148,1183000,6173.28825021133,0,0,0,0
Uasin Gishu,2020,Lab confirmed,22411,0,0,0,0,278422,45854,219925,148,1183000,18944.2096365173,0,0,0,0
Uasin Gishu,2021,Clinically confirmed,16929,0,0,0,0,278422,45854,219925,148,1208000,14014.0728476821,0,0,0,0
Uasin Gishu,2021,Lab confirmed,21024,0,0,0,0,278422,45854,219925,148,1208000,17403.9735099338,0,0,0,0
Uasin Gishu,2022,Clinically confirmed,4335,0,0,0,0,278422,45854,219925,148,1233000,3515.81508515815,0,0,0,0
Uasin Gishu,2022,Lab confirmed,18324,0,0,0,0,278422,45854,219925,148,1233000,14861.3138686131,0,0,0,0
Vihiga,2014,Clinically confirmed,515,0,0,0,0,126618,30854,6145,0,565646,910.463434727727,0,,0,0
Vihiga,2014,Lab confirmed,112,0,0,0,0,126618,30854,6145,0,565646,198.003698426224,0,,0,0
Vihiga,2015,Clinically confirmed,1059,0,0,0,0,126618,30854,6145,0,570438,1856.46818760321,0,,0,0
Vihiga,2015,Lab confirmed,3038,0,0,0,0,126618,30854,6145,0,570438,5325.73215669363,0,,0,0
Vihiga,2016,Clinically confirmed,1099,0,0,0,0,126618,30854,6145,0,575270,1910.40728701305,0,,0,0
Vihiga,2016,Lab confirmed,4873,0,0,0,0,126618,30854,6145,0,575270,8470.8050132981,0,,0,0
Vihiga,2017,Clinically confirmed,1043,0,0,0,0,126618,30854,6145,0,580143,1797.8326033409,0,,0,0
Vihiga,2017,Lab confirmed,3117,0,0,0,0,126618,30854,6145,0,580143,5372.81325466307,0,,0,0
Vihiga,2018,Clinically confirmed,829,0,0,0,0,126618,30854,6145,0,585057,1416.95595471894,0,,0,0
Vihiga,2018,Lab confirmed,4950,0,0,0,0,126618,30854,6145,0,585057,8460.71408426871,0,,0,0
Vihiga,2019,Clinically confirmed,2141,0,0,0,0,126618,30854,6145,0,590013,3628.73360417482,0,,0,0
Vihiga,2019,Lab confirmed,4849,0,0,0,0,126618,30854,6145,0,590013,8218.46298301902,0,,0,0
Vihiga,2020,Clinically confirmed,738,0,0,0,0,126618,30854,6145,0,610000,1209.83606557377,0,,0,0
Vihiga,2020,Lab confirmed,5079,0,0,0,0,126618,30854,6145,0,610000,8326.22950819672,0,,0,0
Vihiga,2021,Clinically confirmed,684,2,0,0,0,126618,30854,6145,0,615000,1112.19512195122,15.7955424979071,,0,0
Vihiga,2021,Lab confirmed,4614,0,0,0,0,126618,30854,6145,0,615000,7502.43902439024,0,,0,0
Vihiga,2022,Clinically confirmed,749,1,0,1,0,126618,30854,6145,0,620000,1208.06451612903,7.89777124895355,,32.4107084980878,0
Vihiga,2022,Lab confirmed,3233,0,0,0,0,126618,30854,6145,0,620000,5214.51612903226,0,,0,0
Wajir,2014,Clinically confirmed,752,0,0,0,0,867231,3198284,2190638,1176532,684141,1099.18861755106,0,0,0,0
Wajir,2014,Lab confirmed,0,0,0,0,0,867231,3198284,2190638,1176532,684141,0,0,0,0,0
Wajir,2015,Clinically confirmed,1589,0,0,0,0,867231,3198284,2190638,1176532,702548,2261.76716751026,0,0,0,0
Wajir,2015,Lab confirmed,1770,0,0,0,0,867231,3198284,2190638,1176532,702548,2519.4008096244,0,0,0,0
Wajir,2016,Clinically confirmed,2073,0,0,0,0,867231,3198284,2190638,1176532,721450,2873.3799986139,0,0,0,0
Wajir,2016,Lab confirmed,8891,0,0,0,0,867231,3198284,2190638,1176532,721450,12323.7923626031,0,0,0,0
Wajir,2017,Clinically confirmed,1093,0,0,0,0,867231,3198284,2190638,1176532,740861,1475.31048334303,0,0,0,0
Wajir,2017,Lab confirmed,6588,0,0,0,0,867231,3198284,2190638,1176532,740861,8892.35632595048,0,0,0,0
Wajir,2018,Clinically confirmed,1048,0,0,0,0,867231,3198284,2190638,1176532,760794,1377.50823481784,0,0,0,0
Wajir,2018,Lab confirmed,8699,0,0,0,0,867231,3198284,2190638,1176532,760794,11434.1069987408,0,0,0,0
Wajir,2019,Clinically confirmed,574,0,0,8,0,867231,3198284,2190638,1176532,781263,734.707774462633,0,0,2.50134134429588,0
Wajir,2019,Lab confirmed,5611,0,0,0,0,867231,3198284,2190638,1176532,781263,7181.96049217741,0,0,0,0
Wajir,2020,Clinically confirmed,740,0,0,0,0,867231,3198284,2190638,1176532,804000,920.398009950249,0,0,0,0
Wajir,2020,Lab confirmed,6897,0,0,0,0,867231,3198284,2190638,1176532,804000,8578.35820895522,0,0,0,0
Wajir,2021,Clinically confirmed,480,0,0,0,0,867231,3198284,2190638,1176532,826000,581.113801452785,0,0,0,0
Wajir,2021,Lab confirmed,5482,0,0,0,0,867231,3198284,2190638,1176532,826000,6636.80387409201,0,0,0,0
Wajir,2022,Clinically confirmed,582,0,0,0,0,867231,3198284,2190638,1176532,848000,686.320754716981,0,0,0,0
Wajir,2022,Lab confirmed,3903,0,0,0,0,867231,3198284,2190638,1176532,848000,4602.59433962264,0,0,0,0
West Pokot,2014,Clinically confirmed,2624,0,0,0,0,416838,764175,358293,19389,553860,4737.65933629437,0,0,0,0
West Pokot,2014,Lab confirmed,0,0,0,0,0,416838,764175,358293,19389,553860,0,0,0,0,0
West Pokot,2015,Clinically confirmed,2900,0,0,0,0,416838,764175,358293,19389,566725,5117.12029644007,0,0,0,0
West Pokot,2015,Lab confirmed,11270,0,0,0,0,416838,764175,358293,19389,566725,19886.1881865102,0,0,0,0
West Pokot,2016,Clinically confirmed,4080,0,0,0,0,416838,764175,358293,19389,579888,7035.8414038573,0,0,0,0
West Pokot,2016,Lab confirmed,18743,0,0,0,0,416838,764175,358293,19389,579888,32321.7586844356,0,0,0,0
West Pokot,2017,Clinically confirmed,3608,0,0,0,0,416838,764175,358293,19389,593357,6080.65633337097,0,0,0,0
West Pokot,2017,Lab confirmed,17860,0,0,0,0,416838,764175,358293,19389,593357,30099.9229806002,0,0,0,0
West Pokot,2018,Clinically confirmed,5144,0,0,0,0,416838,764175,358293,19389,607139,8472.52441368451,0,0,0,0
West Pokot,2018,Lab confirmed,19733,0,0,0,0,416838,764175,358293,19389,607139,32501.6182455747,0,0,0,0
West Pokot,2019,Clinically confirmed,5656,0,0,0,0,416838,764175,358293,19389,621241,9104.35724622168,0,0,0,0
West Pokot,2019,Lab confirmed,24168,0,0,0,0,416838,764175,358293,19389,621241,38902.7768611537,0,0,0,0
West Pokot,2020,Clinically confirmed,9582,9,0,0,0,416838,764175,358293,19389,631000,15185.4199683043,21.5911217307443,0,0,0
West Pokot,2020,Lab confirmed,30736,0,0,0,0,416838,764175,358293,19389,631000,48709.9841521395,0,0,0,0
West Pokot,2020,Post Mortem,0,7,0,0,0,416838,764175,358293,19389,631000,0,16.7930946794678,0,0,0
West Pokot,2021,Clinically confirmed,7844,3,0,0,0,416838,764175,358293,19389,646000,12142.4148606811,7.19704057691477,0,0,0
West Pokot,2021,Lab confirmed,35825,0,0,0,0,416838,764175,358293,19389,646000,55456.6563467492,0,0,0,0
West Pokot,2022,Clinically confirmed,5398,4,0,1,2,416838,764175,358293,19389,661000,8166.41452344932,9.59605410255303,0,1.30860077861746,5.58202365103421
West Pokot,2022,Lab confirmed,26752,0,0,0,0,416838,764175,358293,19389,661000,40472.0121028744,0,0,0,0
