county,year,hum_cases,catt_cases,cam_cases,goat_cases,shp_cases,catt_pop,goat_pop,sheep_pop,cam_pop,pop,hum_incidence,catt_incidence,cam_incidence,goat_incidence,shp_incidence
Baringo,2014,1898,0,0,0,0,409846,933727,343343,38500,598102,3173.37176601984,0,0,0,0
Baringo,2015,6687,0,0,0,0,409846,933727,343343,38500,611244,10939.9846869663,0,0,0,0
Baringo,2016,9488,0,0,0,0,409846,933727,343343,38500,624675,15188.698123024,0,0,0,0
Baringo,2017,8771,0,0,0,0,409846,933727,343343,38500,638401,13739.0135667081,0,0,0,0
Baringo,2018,14887,0,0,0,0,409846,933727,343343,38500,652428,22817.8435015052,0,0,0,0
Baringo,2019,17468,27,0,6,6,409846,933727,343343,38500,666763,26198.2143580253,65.8784031075087,0,6.42586109216077,17.4752361341283
Baringo,2020,20257,0,0,0,0,409846,933727,343343,38500,687000,29486.1717612809,0,0,0,0
Baringo,2021,20600,0,0,0,0,409846,933727,343343,38500,702000,29344.7293447293,0,0,0,0
Baringo,2022,18470,0,0,0,0,409846,933727,343343,38500,718000,25724.2339832869,0,0,0,0
Bomet,2014,2111,0,0,0,0,318209,76459,80492,0,817740,2581.50512387801,0,,0,0
Bomet,2015,8406,0,0,0,0,318209,76459,80492,0,829015,10139.7441542071,0,,0,0
Bomet,2016,12964,0,0,0,0,318209,76459,80492,0,840445,15425.1616703056,0,,0,0
Bomet,2017,7008,0,0,0,0,318209,76459,80492,0,852033,8225.03353743341,0,,0,0
Bomet,2018,11052,6,0,0,0,318209,76459,80492,0,863780,12794.9246335873,18.8555320559758,,0,0
Bomet,2019,14467,10,0,0,0,318209,76459,80492,0,875689,16520.7054102541,31.4258867599597,,0,0
Bomet,2020,9752,0,0,0,0,318209,76459,80492,0,902000,10811.5299334812,0,,0,0
Bomet,2021,9273,2,0,0,0,318209,76459,80492,0,914000,10145.5142231947,6.28517735199193,,0,0
Bomet,2022,4920,0,0,1,0,318209,76459,80492,0,927000,5307.44336569579,0,,13.0789050340705,0
Bungoma,2014,1965,0,0,0,0,351259,109693,78494,0,1537222,1278.27991012359,0,,0,0
Bungoma,2015,16278,0,0,0,0,351259,109693,78494,0,1563012,10414.5073742236,0,,0,0
Bungoma,2016,28125,0,0,0,0,351259,109693,78494,0,1589234,17697.2050686054,0,,0,0
Bungoma,2017,30009,0,0,0,0,351259,109693,78494,0,1615896,18571.1209137222,0,,0,0
Bungoma,2018,40181,0,0,0,0,351259,109693,78494,0,1643006,24455.7840933022,0,,0,0
Bungoma,2019,41761,0,0,0,0,351259,109693,78494,0,1670570,24998.0545562293,0,,0,0
Bungoma,2020,45479,0,0,2,0,351259,109693,78494,0,1700000,26752.3529411765,0,,18.2327040011669,0
Bungoma,2021,57947,4,0,2,0,351259,109693,78494,0,1729000,33514.7484094853,11.3876085737305,,18.2327040011669,0
Bungoma,2022,51644,19,0,3,2,351259,109693,78494,0,1758000,29376.5642775882,54.0911407252199,,27.3490560017503,25.479654495885
Busia,2014,1729,0,0,0,0,206628,82303,21704,0,810293,2133.79604661524,0,,0,0
Busia,2015,3905,0,0,0,0,206628,82303,21704,0,826324,4725.74922185487,0,,0,0
Busia,2016,5251,0,0,0,0,206628,82303,21704,0,842672,6231.36878880514,0,,0,0
Busia,2017,5459,0,0,0,0,206628,82303,21704,0,859343,6352.5274541132,0,,0,0
Busia,2018,6970,0,0,0,0,206628,82303,21704,0,876344,7953.49771322677,0,,0,0
Busia,2019,13957,1,0,0,0,206628,82303,21704,0,893681,15617.4294854652,4.83961515380297,,0,0
Busia,2020,7457,0,0,0,0,206628,82303,21704,0,914000,8158.64332603939,0,,0,0
Busia,2021,6757,1,0,0,0,206628,82303,21704,0,932000,7250,4.83961515380297,,0,0
Busia,2022,5843,6,0,0,0,206628,82303,21704,0,950000,6150.52631578947,29.0376909228178,,0,0
Elgeyo Marakwet,2014,3889,0,0,0,0,150453,99926,190031,89,422686,9200.68324950436,0,0,0,0
Elgeyo Marakwet,2015,10118,0,0,0,0,150453,99926,190031,89,428862,23592.67083584,0,0,0,0
Elgeyo Marakwet,2016,17519,0,0,0,0,150453,99926,190031,89,435128,40261.7160927359,0,0,0,0
Elgeyo Marakwet,2017,18439,0,0,0,0,150453,99926,190031,89,441485,41765.8584096855,0,0,0,0
Elgeyo Marakwet,2018,25240,0,0,0,0,150453,99926,190031,89,447935,56347.4611271725,0,0,0,0
Elgeyo Marakwet,2019,29718,0,0,0,0,150453,99926,190031,89,454480,65389.0160183066,0,0,0,0
Elgeyo Marakwet,2020,29006,0,0,0,0,150453,99926,190031,89,474000,61194.0928270042,0,0,0,0
Elgeyo Marakwet,2021,28446,1,0,0,0,150453,99926,190031,89,481000,59139.2931392931,6.64659395292882,0,0,0
Elgeyo Marakwet,2022,20701,2,0,0,0,150453,99926,190031,89,488000,42420.0819672131,13.2931879058576,0,0,0
Embu,2014,1158,0,0,0,0,138415,269133,45246,228,577895,2003.82422412376,0,0,0,0
Embu,2015,729,0,0,0,0,138415,269133,45246,228,583909,1248.48221212552,0,0,0,0
Embu,2016,2329,0,0,0,0,138415,269133,45246,228,589986,3947.55129782741,0,0,0,0
Embu,2017,1852,0,0,0,0,138415,269133,45246,228,596126,3106.72575931934,0,0,0,0
Embu,2018,3150,0,0,0,0,138415,269133,45246,228,602330,5229.69136519848,0,0,0,0
Embu,2019,3894,0,0,0,0,138415,269133,45246,228,608599,6398.30167318711,0,0,0,0
Embu,2020,6376,2,0,0,0,138415,269133,45246,228,629000,10136.7249602544,14.4493010150634,0,0,0
Embu,2021,8422,0,0,0,0,138415,269133,45246,228,635000,13262.9921259843,0,0,0,0
Embu,2022,6608,1,0,0,0,138415,269133,45246,228,642000,10292.8348909657,7.2246505075317,0,0,0
Garissa,2014,904,0,0,0,0,1420691,3857292,2746577,816057,743978,1215.08969351244,0,0,0,0
Garissa,2015,4918,0,1,1,1,1420691,3857292,2746577,816057,762507,6449.77685450757,0,1.22540459796313,0.259249234955508,0.364089555836228
Garissa,2016,11120,0,0,0,0,1420691,3857292,2746577,816057,781497,14229.1013273244,0,0,0,0
Garissa,2017,12156,0,0,10,0,1420691,3857292,2746577,816057,800960,15176.7878545745,0,0,2.59249234955508,0
Garissa,2018,15593,0,0,0,0,1420691,3857292,2746577,816057,820908,18994.8203696395,0,0,0,0
Garissa,2019,15147,0,0,0,0,1420691,3857292,2746577,816057,841353,18003.1449344092,0,0,0,0
Garissa,2020,11541,0,0,2,0,1420691,3857292,2746577,816057,861000,13404.181184669,0,0,0.518498469911015,0
Garissa,2021,9552,2,0,5,8,1420691,3857292,2746577,816057,883000,10817.6670441676,1.40776565769756,0,1.29624617477754,2.91271644668983
Garissa,2022,7768,0,0,0,0,1420691,3857292,2746577,816057,905000,8583.42541436464,0,0,0,0
Homa Bay,2014,1136,0,0,0,0,340969,179555,148374,0,1027377,1105.72847163213,0,,0,0
Homa Bay,2015,5249,0,0,0,0,340969,179555,148374,0,1047489,5011.03114209314,0,,0,0
Homa Bay,2016,13152,0,0,0,0,340969,179555,148374,0,1067994,12314.6759251456,0,,0,0
Homa Bay,2017,9124,0,0,0,0,340969,179555,148374,0,1088901,8379.09047746306,0,,0,0
Homa Bay,2018,5413,0,0,0,0,340969,179555,148374,0,1110217,4875.62341416138,0,,0,0
Homa Bay,2019,8755,0,0,0,0,340969,179555,148374,0,1131950,7734.44056716286,0,,0,0
Homa Bay,2020,11512,0,0,0,0,340969,179555,148374,0,1162000,9907.05679862306,0,,0,0
Homa Bay,2021,12087,0,0,0,0,340969,179555,148374,0,1185000,10200,0,,0,0
Homa Bay,2022,12230,0,0,0,1,340969,179555,148374,0,1208000,10124.1721854305,0,,0,6.73972528879723
Isiolo,2014,1024,0,0,0,0,271598,1030005,854725,148859,238079,4301.09333456542,0,0,0,0
Isiolo,2015,2758,0,0,0,0,271598,1030005,854725,148859,243784,11313.2937354379,0,0,0,0
Isiolo,2016,3540,0,0,0,0,271598,1030005,854725,148859,249625,14181.2719078618,0,0,0,0
Isiolo,2017,2652,0,0,0,0,271598,1030005,854725,148859,255606,10375.3433018004,0,0,0,0
Isiolo,2018,3707,0,0,0,0,271598,1030005,854725,148859,261731,14163.3967699661,0,0,0,0
Isiolo,2019,9520,0,0,0,0,271598,1030005,854725,148859,268002,35522.1229692316,0,0,0,0
Isiolo,2020,8313,0,1,0,0,271598,1030005,854725,148859,294000,28275.5102040816,0,6.71776647700173,0,0
Isiolo,2021,10355,0,0,0,0,271598,1030005,854725,148859,301000,34401.9933554817,0,0,0,0
Isiolo,2022,6658,4,0,6,0,271598,1030005,854725,148859,309000,21546.925566343,14.7276489517596,0,5.8252144407066,0
Kajiado,2014,4656,0,0,0,0,577710,877744,1120649,3584,989478,4705.51139085457,0,0,0,0
Kajiado,2015,5953,0,0,0,0,577710,877744,1120649,3584,1013913,5871.3124301592,0,0,0,0
Kajiado,2016,19023,0,0,0,0,577710,877744,1120649,3584,1038952,18309.7967952321,0,0,0,0
Kajiado,2017,18114,0,0,0,0,577710,877744,1120649,3584,1064609,17014.6974147316,0,0,0,0
Kajiado,2018,20623,0,0,0,0,577710,877744,1120649,3584,1090900,18904.574204785,0,0,0,0
Kajiado,2019,15402,0,0,0,0,577710,877744,1120649,3584,1117840,13778.3582623631,0,0,0,0
Kajiado,2020,17483,0,0,0,0,577710,877744,1120649,3584,1179000,14828.6683630195,0,0,0,0
Kajiado,2021,14273,0,0,0,1,577710,877744,1120649,3584,1209000,11805.6244830438,0,0,0,0.89234006365954
Kajiado,2022,9846,0,0,23,0,577710,877744,1120649,3584,1238000,7953.15024232633,0,0,26.2035399843234,0
Kakamega,2014,1741,0,0,0,0,403450,78144,56884,0,1706308,1020.33161656629,0,,0,0
Kakamega,2015,9710,0,0,0,0,403450,78144,56884,0,1737408,5588.78513279552,0,,0,0
Kakamega,2016,10870,0,0,0,0,403450,78144,56884,0,1769074,6144.45749584246,0,,0,0
Kakamega,2017,11155,0,0,0,0,403450,78144,56884,0,1801318,6192.6877986008,0,,0,0
Kakamega,2018,12168,0,0,0,0,403450,78144,56884,0,1834149,6634.139320197,0,,0,0
Kakamega,2019,14599,0,0,0,0,403450,78144,56884,0,1867579,7817.07226307428,0,,0,0
Kakamega,2020,12340,0,0,0,0,403450,78144,56884,0,1897000,6505.00790722193,0,,0,0
Kakamega,2021,10135,6,0,0,0,403450,78144,56884,0,1932000,5245.85921325052,14.8717313173875,,0,0
Kakamega,2022,10377,0,0,6,0,403450,78144,56884,0,1967000,5275.5465175394,0,,76.7813267813268,0
Kericho,2014,2522,0,0,0,0,241648,71875,56238,0,842955,2991.85603027445,0,,0,0
Kericho,2015,10106,0,0,0,0,241648,71875,56238,0,854404,11828.1281454675,0,,0,0
Kericho,2016,24629,0,0,0,0,241648,71875,56238,0,866009,28439.6582483554,0,,0,0
Kericho,2017,22341,0,0,0,0,241648,71875,56238,0,877771,25451.9686797582,0,,0,0
Kericho,2018,31034,0,0,0,0,241648,71875,56238,0,889693,34881.6951465281,0,,0,0
Kericho,2019,30715,2,0,0,0,241648,71875,56238,0,901777,34060.5271591535,8.27650135734622,,0,0
Kericho,2020,30363,0,0,0,0,241648,71875,56238,0,917000,33111.2322791712,0,,0,0
Kericho,2021,25024,0,0,0,0,241648,71875,56238,0,930000,26907.5268817204,0,,0,0
Kericho,2022,31107,0,0,0,0,241648,71875,56238,0,942000,33022.2929936306,0,,0,0
Kiambu,2014,2634,0,0,0,0,200394,83597,118389,0,2191022,1202.17870929639,0,,0,0
Kiambu,2015,10830,0,0,0,0,200394,83597,118389,0,2234597,4846.51147388097,0,,0,0
Kiambu,2016,12130,0,0,0,0,200394,83597,118389,0,2279038,5322.42112680877,0,,0,0
Kiambu,2017,11608,0,0,0,0,200394,83597,118389,0,2324363,4994.05643610744,0,,0,0
Kiambu,2018,11628,0,0,0,0,200394,83597,118389,0,2370589,4905.11008023744,0,,0,0
Kiambu,2019,9179,0,0,0,0,200394,83597,118389,0,2417735,3796.52856909463,0,,0,0
Kiambu,2020,7333,0,0,0,0,200394,83597,118389,0,2501000,2932.02718912435,0,,0,0
Kiambu,2021,7898,0,0,0,0,200394,83597,118389,0,2552000,3094.8275862069,0,,0,0
Kiambu,2022,3863,0,0,0,0,200394,83597,118389,0,2602000,1484.62720983859,0,,0,0
Kilifi,2014,22,0,0,0,0,236457,542257,56481,2022,1320154,16.6647224490476,0,0,0,0
Kilifi,2015,163,0,0,7,0,236457,542257,56481,2022,1345860,121.112151338178,0,0,12.9090080902598,0
Kilifi,2016,105,0,0,0,0,236457,542257,56481,2022,1372066,76.5269309202327,0,0,0,0
Kilifi,2017,192,0,0,0,0,236457,542257,56481,2022,1398783,137.262177192602,0,0,0,0
Kilifi,2018,378,14,0,0,0,236457,542257,56481,2022,1426020,265.073421130138,59.2073823147549,0,0,0
Kilifi,2019,899,0,0,0,0,236457,542257,56481,2022,1453787,618.384949101897,0,0,0,0
Kilifi,2020,1050,0,0,0,0,236457,542257,56481,2022,1489000,705.171255876427,0,0,0,0
Kilifi,2021,1379,0,0,0,0,236457,542257,56481,2022,1518000,908.432147562582,0,0,0,0
Kilifi,2022,734,0,0,0,0,236457,542257,56481,2022,1548000,474.160206718346,0,0,0,0
Kirinyaga,2014,48,0,0,0,0,116441,106844,26751,0,585497,81.9816326983742,0,,0,0
Kirinyaga,2015,1196,2,0,0,0,116441,106844,26751,0,590397,2025.7555509259,17.1760805901701,,0,0
Kirinyaga,2016,3896,0,0,0,0,116441,106844,26751,0,595338,6544.18162455614,0,,0,0
Kirinyaga,2017,2095,0,0,0,0,116441,106844,26751,0,600321,3489.7996238679,0,,0,0
Kirinyaga,2018,1047,0,0,0,0,116441,106844,26751,0,605345,1729.59221600905,0,,0,0
Kirinyaga,2019,1929,0,0,0,0,116441,106844,26751,0,610411,3160.1658554646,0,,0,0
Kirinyaga,2020,2073,0,0,0,0,116441,106844,26751,0,637000,3254.31711145997,0,,0,0
Kirinyaga,2021,1935,0,0,0,0,116441,106844,26751,0,642000,3014.01869158879,0,,0,0
Kirinyaga,2022,1230,0,0,0,0,116441,106844,26751,0,648000,1898.14814814815,0,,0,0
Kisii,2014,7371,0,0,0,0,216858,56946,11001,0,1207817,6102.74569740284,0,,0,0
Kisii,2015,21687,0,0,0,0,216858,56946,11001,0,1219401,17784.9616328017,0,,0,0
Kisii,2016,38377,0,0,0,0,216858,56946,11001,0,1231096,31173.0360589264,0,,0,0
Kisii,2017,25416,0,0,0,0,216858,56946,11001,0,1242904,20448.884225974,0,,0,0
Kisii,2018,44120,0,0,0,0,216858,56946,11001,0,1254825,35160.2813141275,0,,0,0
Kisii,2019,44297,5,0,0,0,216858,56946,11001,0,1266860,34965.9788769083,23.0565623587786,,0,0
Kisii,2020,41333,2,0,0,0,216858,56946,11001,0,1307000,31624.3305279265,9.22262494351142,,0,0
Kisii,2021,46898,0,0,0,0,216858,56946,11001,0,1319000,35555.7240333586,0,,0,0
Kisii,2022,43178,0,0,0,0,216858,56946,11001,0,1332000,32415.9159159159,0,,0,0
Kisumu,2014,1171,0,0,0,0,242996,137696,163537,0,1060632,1104.05871216407,0,,0,0
Kisumu,2015,7485,0,0,0,0,242996,137696,163537,0,1078975,6937.13941472231,0,,0,0
Kisumu,2016,7997,0,0,0,0,242996,137696,163537,0,1097635,7285.66417798266,0,,0,0
Kisumu,2017,8014,0,0,0,0,242996,137696,163537,0,1116618,7177.0292078401,0,,0,0
Kisumu,2018,7570,0,0,0,0,242996,137696,163537,0,1135929,6664.14890367268,0,,0,0
Kisumu,2019,8374,0,0,0,0,242996,137696,163537,0,1155574,7246.6151021051,0,,0,0
Kisumu,2020,8256,0,0,0,0,242996,137696,163537,0,1186000,6961.21416526138,0,,0,0
Kisumu,2021,10229,0,0,0,0,242996,137696,163537,0,1207000,8474.73073736537,0,,0,0
Kisumu,2022,8867,0,0,0,0,242996,137696,163537,0,1228000,7220.68403908795,0,,0,0
Kitui,2014,2544,0,0,0,0,343632,1370560,105830,5202,1069633,2378.38585757919,0,0,0,0
Kitui,2015,1830,0,0,0,0,343632,1370560,105830,5202,1082624,1690.33755024829,0,0,0,0
Kitui,2016,6945,0,0,0,0,343632,1370560,105830,5202,1095773,6337.99153656825,0,0,0,0
Kitui,2017,10035,0,0,0,0,343632,1370560,105830,5202,1109082,9048.02350051665,0,0,0,0
Kitui,2018,14761,0,0,0,0,343632,1370560,105830,5202,1122553,13149.490491763,0,0,0,0
Kitui,2019,15554,0,0,0,0,343632,1370560,105830,5202,1136187,13689.6479188725,0,0,0,0
Kitui,2020,12712,1,0,3,0,343632,1370560,105830,5202,1186000,10718.3811129848,2.91008986357499,0,2.18888629465328,0
Kitui,2021,11242,0,0,4,0,343632,1370560,105830,5202,1201000,9360.53288925895,0,0,2.91851505953771,0
Kitui,2022,6776,1,0,0,0,343632,1370560,105830,5202,1215000,5576.95473251029,2.91008986357499,0,0,0
Kwale,2014,8,0,0,0,0,310434,382410,90615,1096,768857,10.4050558166213,0,0,0,0
Kwale,2015,122,0,0,0,0,310434,382410,90615,1096,787521,154.916503813867,0,0,0,0
Kwale,2016,432,0,0,0,0,310434,382410,90615,1096,806638,535.556222245915,0,0,0,0
Kwale,2017,2211,0,0,0,0,310434,382410,90615,1096,826219,2676.04593939379,0,0,0,0
Kwale,2018,1694,0,0,23,0,310434,382410,90615,1096,846276,2001.71102571738,0,0,60.144870688528,0
Kwale,2019,598,0,0,0,0,310434,382410,90615,1096,866820,689.877944671327,0,0,0,0
Kwale,2020,674,0,0,0,0,310434,382410,90615,1096,879000,766.780432309443,0,0,0,0
Kwale,2021,700,0,0,0,0,310434,382410,90615,1096,901000,776.914539400666,0,0,0,0
Kwale,2022,236,0,0,0,0,310434,382410,90615,1096,923000,255.687973997833,0,0,0,0
Laikipia,2014,1442,0,0,0,0,270065,402526,613782,7827,469694,3070.08392698225,0,0,0,0
Laikipia,2015,3276,0,0,0,0,270065,402526,613782,7827,479084,6838.04927737098,0,0,0,0
Laikipia,2016,6758,0,0,0,0,270065,402526,613782,7827,488662,13829.6000098227,0,0,0,0
Laikipia,2017,9484,0,0,0,0,270065,402526,613782,7827,498431,19027.7089506873,0,0,0,0
Laikipia,2018,8161,0,0,0,0,270065,402526,613782,7827,508396,16052.4473048568,0,0,0,0
Laikipia,2019,5691,0,0,0,0,270065,402526,613782,7827,518560,10974.6220302376,0,0,0,0
Laikipia,2020,4834,0,0,0,0,270065,402526,613782,7827,529000,9137.99621928166,0,0,0,0
Laikipia,2021,4035,8,0,0,2,270065,402526,613782,7827,539000,7486.0853432282,29.6224982874493,0,0,3.25848591193616
Laikipia,2022,2565,0,0,0,0,270065,402526,613782,7827,550000,4663.63636363636,0,0,0,0
Lamu,2014,45,0,0,0,0,98321,97879,42145,125,126352,356.147904267443,0,0,0,0
Lamu,2015,80,0,0,0,0,98321,97879,42145,125,129685,616.879361529861,0,0,0,0
Lamu,2016,173,0,0,0,0,98321,97879,42145,125,133106,1299.71601580695,0,0,0,0
Lamu,2017,32,0,0,0,0,98321,97879,42145,125,136617,234.23146460543,0,0,0,0
Lamu,2018,38,0,0,0,0,98321,97879,42145,125,140221,271.000777344335,0,0,0,0
Lamu,2019,45,0,0,0,0,98321,97879,42145,125,143920,312.673707615342,0,0,0,0
Lamu,2020,356,0,0,0,0,98321,97879,42145,125,155000,2296.77419354839,0,0,0,0
Lamu,2021,160,0,0,0,0,98321,97879,42145,125,159000,1006.2893081761,0,0,0,0
Lamu,2022,38,0,0,0,0,98321,97879,42145,125,163000,233.128834355828,0,0,0,0
Machakos,2014,3345,0,0,0,0,362351,624891,171525,1473,1350195,2477.41992823259,0,0,0,0
Machakos,2015,2804,0,0,0,0,362351,624891,171525,1473,1364247,2055.34628260132,0,0,0,0
Machakos,2016,9972,0,0,0,0,362351,624891,171525,1473,1378445,7234.2385804294,0,0,0,0
Machakos,2017,8700,0,0,0,0,362351,624891,171525,1473,1392791,6246.45047246859,0,0,0,0
Machakos,2018,9792,0,0,0,0,362351,624891,171525,1473,1407286,6958.07390963884,0,0,0,0
Machakos,2019,10727,0,0,0,0,362351,624891,171525,1473,1421932,7543.96131460576,0,0,0,0
Machakos,2020,7393,3,0,1,0,362351,624891,171525,1473,1442000,5126.90707350902,8.27926513242685,0,1.60027908867306,0
Machakos,2021,6404,5,0,0,0,362351,624891,171525,1473,1457000,4395.33287577213,13.7987752207114,0,0,0
Machakos,2022,3034,2,0,0,0,362351,624891,171525,1473,1472000,2061.14130434783,5.51951008828456,0,0,0
Makueni,2014,3748,0,0,0,0,325803,799638,133115,1111,934042,4012.66752458669,0,0,0,0
Makueni,2015,10319,0,0,0,0,325803,799638,133115,1111,944526,10925.056589231,0,0,0,0
Makueni,2016,12168,0,0,0,0,325803,799638,133115,1111,955128,12739.6537427444,0,0,0,0
Makueni,2017,13270,0,0,0,0,325803,799638,133115,1111,965849,13739.207681532,0,0,0,0
Makueni,2018,8194,1,0,0,0,325803,799638,133115,1111,976690,8389.56065896037,3.06933944745751,0,0,0
Makueni,2019,4488.3,6,0,2,9,325803,799638,133115,1111,987653,4544.40982814815,18.4160366847451,0,2.50113176212236,67.6107125417872
Makueni,2020,3868,1,0,1,0,325803,799638,133115,1111,1008000,3837.30158730159,3.06933944745751,0,1.25056588106118,0
Makueni,2021,4015,0,0,0,0,325803,799638,133115,1111,1019000,3940.13738959765,0,0,0,0
Makueni,2022,3328,0,0,7,0,325803,799638,133115,1111,1031000,3227.93404461688,0,0,8.75396116742826,0
Mandera,2014,1059,0,0,0,0,1182989,4898807,2226033,1828665,761572,1390.54482045033,0,0,0,0
Mandera,2015,3868,0,0,23,0,1182989,4898807,2226033,1828665,781661,4948.43672640697,0,0,4.6950206448223,0
Mandera,2016,3751,0,0,0,0,1182989,4898807,2226033,1828665,802280,4675.42503863988,0,0,0,0
Mandera,2017,3295,0,0,0,0,1182989,4898807,2226033,1828665,823442,4001.49615880657,0,0,0,0
Mandera,2018,8771,0,0,0,0,1182989,4898807,2226033,1828665,845163,10377.8797699379,0,0,0,0
Mandera,2019,8162,13,0,16,2,1182989,4898807,2226033,1828665,867457,9409.11192139783,10.989113170114,0,3.26610131813725,0.89845927710865
Mandera,2020,6049,0,0,0,0,1182989,4898807,2226033,1828665,887000,6819.6166854566,0,0,0,0
Mandera,2021,6662,0,0,12,0,1182989,4898807,2226033,1828665,911000,7312.84302963776,0,0,2.44957598860294,0
Mandera,2022,6291,0,0,0,0,1182989,4898807,2226033,1828665,935000,6728.34224598931,0,0,0,0
Marsabit,2014,2323,0,0,0,0,240736,744475,627832,215234,408240,5690.28022731727,0,0,0,0
Marsabit,2015,4380,0,0,0,0,240736,744475,627832,215234,418065,10476.8397258799,0,0,0,0
Marsabit,2016,5602,0,0,0,0,240736,744475,627832,215234,428126,13084.9329403026,0,0,0,0
Marsabit,2017,7044,0,0,0,0,240736,744475,627832,215234,438429,16066.4554580103,0,0,0,0
Marsabit,2018,9101,0,0,0,0,240736,744475,627832,215234,448980,20270.3906632812,0,0,0,0
Marsabit,2019,8987,0,0,0,0,240736,744475,627832,215234,459785,19546.0921952652,0,0,0,0
Marsabit,2020,8561,0,0,0,0,240736,744475,627832,215234,480000,17835.4166666667,0,0,0,0
Marsabit,2021,7874,4,8,70,9,240736,744475,627832,215234,491000,16036.6598778004,16.6157118170942,37.1688487878309,94.0259914704994,14.3350450438971
Marsabit,2022,7068,20,9,139,28,240736,744475,627832,215234,503000,14051.689860835,83.0785590854712,41.8149548863098,186.70875449142,44.5979179143465
Meru,2014,1803,0,0,0,0,312184,342198,138771,5732,1450757,1242.79944883947,0,0,0,0
Meru,2015,7545,0,0,0,0,312184,342198,138771,5732,1469270,5135.20319614503,0,0,0,0
Meru,2016,6188,0,0,0,0,312184,342198,138771,5732,1488019,4158.54905078497,0,0,0,0
Meru,2017,6508,0,0,0,0,312184,342198,138771,5732,1507007,4318.49354382561,0,0,0,0
Meru,2018,8459,1,0,0,0,312184,342198,138771,5732,1526238,5542.38591884097,3.20323911539349,0,0,0
Meru,2019,7120,0,0,0,0,312184,342198,138771,5732,1545714,4606.28550947976,0,0,0,0
Meru,2020,6577,0,0,0,0,312184,342198,138771,5732,1565000,4202.55591054313,0,0,0,0
Meru,2021,4483,0,0,0,0,312184,342198,138771,5732,1586000,2826.6078184111,0,0,0,0
Meru,2022,3535,0,0,0,0,312184,342198,138771,5732,1606000,2201.12079701121,0,0,0,0
Migori,2014,1273,0,0,0,0,323320,142204,70852,0,988235,1288.15514528427,0,,0,0
Migori,2015,4372,0,0,0,0,323320,142204,70852,0,1012640,4317.42771369885,0,,0,0
Migori,2016,12343,0,0,0,0,323320,142204,70852,0,1037647,11895.1820802257,0,,0,0
Migori,2017,15984,0,0,0,0,323320,142204,70852,0,1063272,15032.8420197278,0,,0,0
Migori,2018,20261,0,0,0,0,323320,142204,70852,0,1089530,18596.0918928345,0,,0,0
Migori,2019,21189,1,0,0,0,323320,142204,70852,0,1116436,18979.1443486237,3.09291104787826,,0,0
Migori,2020,21918,0,0,0,0,323320,142204,70852,0,1147000,19108.9799476896,0,,0,0
Migori,2021,23860,0,0,0,0,323320,142204,70852,0,1176000,20289.1156462585,0,,0,0
Migori,2022,18963,0,0,0,0,323320,142204,70852,0,1205000,15736.9294605809,0,,0,0
Mombasa,2014,96,0,0,0,0,10651,25411,2292,58,1082243,88.7046624464192,0,0,0,0
Mombasa,2015,367,5,0,0,0,10651,25411,2292,58,1106362,331.717828341899,469.439489249836,0,0,0
Mombasa,2016,507,0,0,0,0,10651,25411,2292,58,1131018,448.268727818655,0,0,0,0
Mombasa,2017,732,0,0,0,0,10651,25411,2292,58,1156224,633.095317170375,0,0,0,0
Mombasa,2018,889,0,0,0,0,10651,25411,2292,58,1181991,752.120786029674,0,0,0,0
Mombasa,2019,944,0,0,0,0,10651,25411,2292,58,1208333,781.241594825268,0,0,0,0
Mombasa,2020,1057,0,0,0,0,10651,25411,2292,58,1228000,860.749185667753,0,0,0,0
Mombasa,2021,1268,0,0,0,0,10651,25411,2292,58,1256000,1009.55414012739,0,0,0,0
Mombasa,2022,720,0,0,0,0,10651,25411,2292,58,1284000,560.747663551402,0,0,0,0
Murang'a,2014,1310,0,0,0,0,210103,173763,56475,0,1001307,1308.2900648852,0,,0,0
Murang'a,2015,1699,0,0,0,0,210103,173763,56475,0,1012137,1678.62651004755,0,,0,0
Murang'a,2016,1451,0,0,0,0,210103,173763,56475,0,1023084,1418.26086616544,0,,0,0
Murang'a,2017,1992,0,0,0,0,210103,173763,56475,0,1034149,1926.22146325143,0,,0,0
Murang'a,2018,1897,0,0,0,0,210103,173763,56475,0,1045334,1814.7309855032,0,,0,0
Murang'a,2019,1592,5,0,0,0,210103,173763,56475,0,1056640,1506.66262870987,23.7978515299639,,0,0
Murang'a,2020,1262,21,0,0,0,210103,173763,56475,0,1077000,1171.77344475395,99.9509764258483,,0,0
Murang'a,2021,1329,0,0,0,0,210103,173763,56475,0,1088000,1221.50735294118,0,,0,0
Murang'a,2022,1557,0,0,0,0,210103,173763,56475,0,1100000,1415.45454545455,0,,0,0
Nairobi,2014,3699,0,0,0,0,29329,28415,19109,0,4041978,915.146000299853,0,,0,0
Nairobi,2015,5424,0,0,0,0,29329,28415,19109,0,4110625,1319.50737418276,0,,0,0
Nairobi,2016,7068,0,0,0,0,29329,28415,19109,0,4180438,1690.73192808983,0,,0,0
Nairobi,2017,11486,0,0,0,0,29329,28415,19109,0,4251437,2701.67475138406,0,,0,0
Nairobi,2018,15307,0,0,0,0,29329,28415,19109,0,4323642,3540.30236545949,0,,0,0
Nairobi,2019,13700,0,0,0,0,29329,28415,19109,0,4397073,3115.70901824919,0,,0,0
Nairobi,2020,14917,0,0,0,0,29329,28415,19109,0,4516000,3303.14437555359,0,,0,0
Nairobi,2021,13710,0,0,0,0,29329,28415,19109,0,4594000,2984.32738354375,0,,0,0
Nairobi,2022,13761,0,0,0,0,29329,28415,19109,0,4672000,2945.41952054795,0,,0,0
Nakuru,2014,7526,0,0,0,0,396526,205392,532221,388,1942522,3874.34479506538,0,0,0,0
Nakuru,2015,33893,0,0,0,0,396526,205392,532221,388,1984595,17078.0436310683,0,0,0,0
Nakuru,2016,39076,0,0,0,0,396526,205392,532221,388,2027580,19272.2358673887,0,0,0,0
Nakuru,2017,40179,1,0,0,0,396526,205392,532221,388,2071496,19396.1272433063,2.52190272516808,0,0,0
Nakuru,2018,48475,1,0,0,0,396526,205392,532221,388,2116363,22904.8608390905,2.52190272516808,0,0,0
Nakuru,2019,52099,22,0,20,0,396526,205392,532221,388,2162202,24095.3435432952,55.4818599536979,0,97.3747760380151,0
Nakuru,2020,50182,0,0,0,0,396526,205392,532221,388,2202000,22789.2824704814,0,0,0,0
Nakuru,2021,40970,2,0,0,0,396526,205392,532221,388,2251000,18200.7996446024,5.04380545033617,0,0,0
Nakuru,2022,32258,5,0,0,3,396526,205392,532221,388,2299000,14031.3179643323,12.6095136258404,0,0,5.63675615956529
Nandi,2014,4351,0,0,0,0,243418,35096,97712,0,816256,5330.43554963149,0,,0,0
Nandi,2015,11445,0,0,0,0,243418,35096,97712,0,829697,13794.1923376847,0,,0,0
Nandi,2016,28241,0,0,0,0,243418,35096,97712,0,843359,33486.3326294022,0,,0,0
Nandi,2017,26035,0,0,0,0,243418,35096,97712,0,857246,30370.5120817128,0,,0,0
Nandi,2018,54515,0,0,0,0,243418,35096,97712,0,871362,62562.9761224382,0,,0,0
Nandi,2019,57574,5,0,0,0,243418,35096,97712,0,885711,65003.1443665033,20.5407981332523,,0,0
Nandi,2020,36191,0,0,0,0,243418,35096,97712,0,906000,39945.9161147903,0,,0,0
Nandi,2021,23107,0,0,0,0,243418,35096,97712,0,921000,25089.0336590662,0,,0,0
Nandi,2022,26379,2,0,0,0,243418,35096,97712,0,936000,28182.6923076923,8.21631925330091,,0,0
Narok,2014,4132,0,0,0,0,1488891,1015845,2603542,1619,1002532,4121.564199447,0,0,0,0
Narok,2015,12494,0,0,0,0,1488891,1015845,2603542,1619,1031836,12108.5133684035,0,0,0,0
Narok,2016,14444,0,0,0,0,1488891,1015845,2603542,1619,1061997,13600.7917159841,0,0,0,0
Narok,2017,18167,0,0,0,0,1488891,1015845,2603542,1619,1093039,16620.6329325852,0,0,0,0
Narok,2018,28677,4,0,0,0,1488891,1015845,2603542,1619,1124989,25490.9159111778,2.68656335487285,0,0,0
Narok,2019,33191,0,0,0,0,1488891,1015845,2603542,1619,1157873,28665.4926749307,0,0,0,0
Narok,2020,27727,0,0,0,0,1488891,1015845,2603542,1619,1178000,23537.3514431239,0,0,0,0
Narok,2021,29540,0,0,0,0,1488891,1015845,2603542,1619,1213000,24352.8441879637,0,0,0,0
Narok,2022,27184,0,0,0,0,1488891,1015845,2603542,1619,1249000,21764.6116893515,0,0,0,0
Nyamira,2014,1748,0,0,0,0,119625,39335,11787,0,588216,2971.69747167707,0,,0,0
Nyamira,2015,11888,0,0,0,0,119625,39335,11787,0,591648,20093.0282870896,0,,0,0
Nyamira,2016,18631,0,0,0,0,119625,39335,11787,0,595100,31307.3433036464,0,,0,0
Nyamira,2017,12042,0,0,0,0,119625,39335,11787,0,598572,20117.8805557226,0,,0,0
Nyamira,2018,13960,0,0,0,0,119625,39335,11787,0,602064,23186.9037178772,0,,0,0
Nyamira,2019,13729,0,0,0,0,119625,39335,11787,0,605576,22670.9777137799,0,,0,0
Nyamira,2020,13681,0,0,0,0,119625,39335,11787,0,646000,21178.0185758514,0,,0,0
Nyamira,2021,11066,25,0,0,0,119625,39335,11787,0,650000,17024.6153846154,208.986415882968,,0,0
Nyamira,2022,8992,0,0,0,0,119625,39335,11787,0,654000,13749.2354740061,0,,0,0
Nyandarua,2014,1473,0,0,0,0,211363,37009,277762,0,580503,2537.454586798,0,,0,0
Nyandarua,2015,9336,0,0,0,0,211363,37009,277762,0,591626,15780.2395432249,0,,0,0
Nyandarua,2016,13803,0,0,0,0,211363,37009,277762,0,602962,22891.9898766423,0,,0,0
Nyandarua,2017,10632,0,0,0,0,211363,37009,277762,0,614515,17301.449110274,0,,0,0
Nyandarua,2018,12134,0,0,0,0,211363,37009,277762,0,626289,19374.4421505088,0,,0,0
Nyandarua,2019,13644,0,0,0,0,211363,37009,277762,0,638289,21375.89712497,0,,0,0
Nyandarua,2020,10856,0,0,0,0,211363,37009,277762,0,657000,16523.5920852359,0,,0,0
Nyandarua,2021,9246,2,0,0,0,211363,37009,277762,0,670000,13800,9.46239408032626,,0,0
Nyandarua,2022,7267,0,0,0,0,211363,37009,277762,0,683000,10639.8243045388,0,,0,0
Nyeri,2014,364,1,0,0,0,164507,107460,153728,0,720500,505.204718945177,6.07876868461525,,0,0
Nyeri,2015,1780,11,0,0,0,164507,107460,153728,0,728072,2444.81315034777,66.8664555307677,,0,0
Nyeri,2016,2232,0,0,0,0,164507,107460,153728,0,735724,3033.74635053362,0,,0,0
Nyeri,2017,1785,0,0,0,0,164507,107460,153728,0,743456,2400.94908104851,0,,0,0
Nyeri,2018,2309,0,0,0,0,164507,107460,153728,0,751269,3073.46636158287,0,,0,0
Nyeri,2019,1832,0,0,0,0,164507,107460,153728,0,759164,2413.18081468563,0,,0,0
Nyeri,2020,1329,0,0,0,0,164507,107460,153728,0,810000,1640.74074074074,0,,0,0
Nyeri,2021,1239,0,0,0,0,164507,107460,153728,0,818000,1514.66992665037,0,,0,0
Nyeri,2022,1559,0,0,0,0,164507,107460,153728,0,827000,1885.12696493349,0,,0,0
Samburu,2014,413,0,0,0,0,285633,716587,566772,48172,269525,1532.32538725536,0,0,0,0
Samburu,2015,3518,0,0,0,0,285633,716587,566772,48172,277232,12689.7327869799,0,0,0,0
Samburu,2016,5209,0,0,0,0,285633,716587,566772,48172,285159,18267.0019182281,0,0,0,0
Samburu,2017,4637,0,0,0,0,285633,716587,566772,48172,293313,15809.0504000846,0,0,0,0
Samburu,2018,4755,0,0,0,0,285633,716587,566772,48172,301700,15760.6894265827,0,0,0,0
Samburu,2019,6144,0,0,0,0,285633,716587,566772,48172,310327,19798.4706454804,0,0,0,0
Samburu,2020,4988,0,0,0,8,285633,716587,566772,48172,320000,15587.5,0,0,0,14.115023325076
Samburu,2021,5700,0,0,10,0,285633,716587,566772,48172,330000,17272.7272727273,0,0,13.9550396532452,0
Samburu,2022,3576,0,0,47,0,285633,716587,566772,48172,339000,10548.6725663717,0,0,65.5886863702523,0
Siaya,2014,780,0,0,0,0,326181,163222,133110,0,906495,860.457035063624,0,,0,0
Siaya,2015,4608,0,0,0,0,326181,163222,133110,0,923205,4991.30745609047,0,,0,0
Siaya,2016,7066,0,0,0,0,326181,163222,133110,0,940223,7515.23840620789,0,,0,0
Siaya,2017,3825,1,0,0,0,326181,163222,133110,0,957555,3994.54861600639,3.06578249499511,,0,0
Siaya,2018,5794,3,0,2,0,326181,163222,133110,0,975206,5941.30881065129,9.19734748498533,,12.2532501746088,0
Siaya,2019,5823,1,0,0,0,326181,163222,133110,0,993183,5862.96785184603,3.06578249499511,,0,0
Siaya,2020,6026,1,0,0,0,326181,163222,133110,0,1003000,6007.97607178465,3.06578249499511,,0,0
Siaya,2021,4472,0,0,0,0,326181,163222,133110,0,1022000,4375.73385518591,0,,0,0
Siaya,2022,5566,2,0,3,0,326181,163222,133110,0,1041000,5346.78194044188,6.13156498999022,,18.3798752619132,0
Taita Taveta,2014,278,0,0,0,0,114814,202113,46535,2630,320392,867.68708332293,0,0,0,0
Taita Taveta,2015,774,0,0,0,0,114814,202113,46535,2630,324349,2386.31844093862,0,0,0,0
Taita Taveta,2016,535,0,0,0,0,114814,202113,46535,2630,328355,1629.33410485602,0,0,0,0
Taita Taveta,2017,517,0,0,0,0,114814,202113,46535,2630,332410,1555.30820372432,0,0,0,0
Taita Taveta,2018,2519,0,0,0,0,114814,202113,46535,2630,336515,7485.55042122937,0,0,0,0
Taita Taveta,2019,2658,0,0,0,0,114814,202113,46535,2630,340671,7802.24909076499,0,0,0,0
Taita Taveta,2020,2186,4,0,0,0,114814,202113,46535,2630,351000,6227.92022792023,34.8389569216298,0,0,0
Taita Taveta,2021,1222,0,0,0,0,114814,202113,46535,2630,355000,3442.25352112676,0,0,0,0
Taita Taveta,2022,871,15,0,0,0,114814,202113,46535,2630,360000,2419.44444444444,130.646088456112,0,0,0
Tana River,2014,420,0,0,0,0,271833,590856,448066,53298,277521,1513.39898602268,0,0,0,0
Tana River,2015,618,0,0,0,0,271833,590856,448066,53298,284812,2169.85239385981,0,0,0,0
Tana River,2016,1107,0,0,8,0,271833,590856,448066,53298,292295,3787.26971039532,0,0,13.5396780264565,0
Tana River,2017,1105,0,0,0,0,271833,590856,448066,53298,299974,3683.65258322388,0,0,0,0
Tana River,2018,1286,0,0,0,0,271833,590856,448066,53298,307855,4177.29125724773,0,0,0,0
Tana River,2019,2126,0,0,0,0,271833,590856,448066,53298,315943,6729.06188774558,0,0,0,0
Tana River,2020,2324,0,13,0,0,271833,590856,448066,53298,326000,7128.83435582822,0,243.911591429322,0,0
Tana River,2021,1235,0,0,0,0,271833,590856,448066,53298,335000,3686.5671641791,0,0,0,0
Tana River,2022,1924,0,0,0,0,271833,590856,448066,53298,344000,5593.02325581395,0,0,0,0
Tharaka Nithi,2014,1401,0,0,0,0,90706,214217,53816,124,372588,3760.18551322104,0,0,0,0
Tharaka Nithi,2015,1819,0,0,0,0,90706,214217,53816,124,376618,4829.82757064187,0,0,0,0
Tharaka Nithi,2016,6777,0,0,0,0,90706,214217,53816,124,380691,17801.8392869808,0,0,0,0
Tharaka Nithi,2017,7092,0,0,0,0,90706,214217,53816,124,384808,18429.9702708883,0,0,0,0
Tharaka Nithi,2018,6771,1,0,0,0,90706,214217,53816,124,388970,17407.5121474664,11.0246290212334,0,0,0
Tharaka Nithi,2019,10017,4,0,6,0,90706,214217,53816,124,393177,25477.0752104014,44.0985160849337,0,28.0089815467493,0
Tharaka Nithi,2020,8691,0,0,0,0,90706,214217,53816,124,403000,21565.7568238213,0,0,0,0
Tharaka Nithi,2021,11519,0,0,0,0,90706,214217,53816,124,408000,28232.8431372549,0,0,0,0
Tharaka Nithi,2022,7784,0,0,0,0,90706,214217,53816,124,412000,18893.2038834951,0,0,0,0
Trans Nzoia,2014,5813,0,0,0,0,183468,28199,136345,0,901143,6450.69650432839,0,,0,0
Trans Nzoia,2015,19175,0,0,0,0,183468,28199,136345,0,918316,20880.6119026566,0,,0,0
Trans Nzoia,2016,26817,0,0,0,0,183468,28199,136345,0,935816,28656.2743103345,0,,0,0
Trans Nzoia,2017,21348,0,0,0,0,183468,28199,136345,0,953649,22385.5946999368,0,,0,0
Trans Nzoia,2018,27833,0,0,0,0,183468,28199,136345,0,971822,28640.0184395908,0,,0,0
Trans Nzoia,2019,35251,0,0,0,0,183468,28199,136345,0,990341,35594.8102724213,0,,0,0
Trans Nzoia,2020,30495,3,0,0,0,183468,28199,136345,0,1010000,30193.0693069307,16.3516253515599,,0,0
Trans Nzoia,2021,34757,2,0,0,0,183468,28199,136345,0,1030000,33744.6601941748,10.9010835677066,,0,0
Trans Nzoia,2022,30195,1,0,0,0,183468,28199,136345,0,1049000,28784.5567206864,5.45054178385332,,0,0
Turkana,2014,1587,0,0,0,0,324804,1990929,1053756,261923,813827,1950.04589427483,0,0,0,0
Turkana,2015,8285,0,0,0,0,324804,1990929,1053756,261923,835294,9918.66336882583,0,0,0,0
Turkana,2016,10508,0,0,0,0,324804,1990929,1053756,261923,857327,12256.7001855768,0,0,0,0
Turkana,2017,13658,0,0,0,0,324804,1990929,1053756,261923,879942,15521.4775519296,0,0,0,0
Turkana,2018,10627,0,0,0,0,324804,1990929,1053756,261923,903153,11766.5556112862,0,0,0,0
Turkana,2019,11738,0,0,0,0,324804,1990929,1053756,261923,926976,12662.6795084231,0,0,0,0
Turkana,2020,14020,28,0,49,10,324804,1990929,1053756,261923,946000,14820.2959830867,86.205834903511,0,24.6116260298584,9.48986292841986
Turkana,2021,13686,27,0,74,7,324804,1990929,1053756,261923,972000,14080.2469135802,83.1270550855285,0,37.1685780859086,6.6429040498939
Turkana,2022,11832,0,0,52,0,324804,1990929,1053756,261923,997000,11867.6028084253,0,0,26.1184602765845,0
Uasin Gishu,2014,6749,2,0,0,0,278422,45854,219925,148,1050892,6422.16326701507,7.18334039695139,0,0,0
Uasin Gishu,2015,16999,8,0,0,0,278422,45854,219925,148,1072448,15850.6519663424,28.7333615878056,0,0,0
Uasin Gishu,2016,31404,0,0,0,0,278422,45854,219925,148,1094446,28693.9693689775,0,0,0,0
Uasin Gishu,2017,38561,0,0,0,0,278422,45854,219925,148,1116896,34525.1482680572,0,0,0,0
Uasin Gishu,2018,36154,0,0,0,0,278422,45854,219925,148,1139806,31719.4329561346,0,0,0,0
Uasin Gishu,2019,34544,0,0,0,0,278422,45854,219925,148,1163186,29697.7439549651,0,0,0,0
Uasin Gishu,2020,29714,0,0,0,0,278422,45854,219925,148,1183000,25117.4978867287,0,0,0,0
Uasin Gishu,2021,37953,0,0,0,0,278422,45854,219925,148,1208000,31418.0463576159,0,0,0,0
Uasin Gishu,2022,22659,0,0,0,0,278422,45854,219925,148,1233000,18377.1289537713,0,0,0,0
Vihiga,2014,627,0,0,0,0,126618,30854,6145,0,565646,1108.46713315395,0,,0,0
Vihiga,2015,4097,0,0,0,0,126618,30854,6145,0,570438,7182.20034429684,0,,0,0
Vihiga,2016,5972,0,0,0,0,126618,30854,6145,0,575270,10381.2123003112,0,,0,0
Vihiga,2017,4160,0,0,0,0,126618,30854,6145,0,580143,7170.64585800398,0,,0,0
Vihiga,2018,5779,0,0,0,0,126618,30854,6145,0,585057,9877.67003898766,0,,0,0
Vihiga,2019,6990,0,0,0,0,126618,30854,6145,0,590013,11847.1965871938,0,,0,0
Vihiga,2020,5817,0,0,0,0,126618,30854,6145,0,610000,9536.06557377049,0,,0,0
Vihiga,2021,5298,2,0,0,0,126618,30854,6145,0,615000,8614.63414634146,15.7955424979071,,0,0
Vihiga,2022,3982,1,0,1,0,126618,30854,6145,0,620000,6422.58064516129,7.89777124895355,,32.4107084980878,0
Wajir,2014,752,0,0,0,0,867231,3198284,2190638,1176532,684141,1099.18861755106,0,0,0,0
Wajir,2015,3359,0,0,0,0,867231,3198284,2190638,1176532,702548,4781.16797713466,0,0,0,0
Wajir,2016,10964,0,0,0,0,867231,3198284,2190638,1176532,721450,15197.172361217,0,0,0,0
Wajir,2017,7681,0,0,0,0,867231,3198284,2190638,1176532,740861,10367.6668092935,0,0,0,0
Wajir,2018,9747,0,0,0,0,867231,3198284,2190638,1176532,760794,12811.6152335586,0,0,0,0
Wajir,2019,6185,0,0,8,0,867231,3198284,2190638,1176532,781263,7916.66826664004,0,0,2.50134134429588,0
Wajir,2020,7637,0,0,0,0,867231,3198284,2190638,1176532,804000,9498.75621890547,0,0,0,0
Wajir,2021,5962,0,0,0,0,867231,3198284,2190638,1176532,826000,7217.91767554479,0,0,0,0
Wajir,2022,4485,0,0,0,0,867231,3198284,2190638,1176532,848000,5288.91509433962,0,0,0,0
West Pokot,2014,2624,0,0,0,0,416838,764175,358293,19389,553860,4737.65933629437,0,0,0,0
West Pokot,2015,14170,0,0,0,0,416838,764175,358293,19389,566725,25003.3084829503,0,0,0,0
West Pokot,2016,22823,0,0,0,0,416838,764175,358293,19389,579888,39357.6000882929,0,0,0,0
West Pokot,2017,21468,0,0,0,0,416838,764175,358293,19389,593357,36180.5793139712,0,0,0,0
West Pokot,2018,24877,0,0,0,0,416838,764175,358293,19389,607139,40974.1426592592,0,0,0,0
West Pokot,2019,29824,0,0,0,0,416838,764175,358293,19389,621241,48007.1341073754,0,0,0,0
West Pokot,2020,40318,16,0,0,0,416838,764175,358293,19389,631000,63895.4041204437,38.3842164102121,0,0,0
West Pokot,2021,43669,3,0,0,0,416838,764175,358293,19389,646000,67599.0712074303,7.19704057691477,0,0,0
West Pokot,2022,32150,4,0,1,2,416838,764175,358293,19389,661000,48638.4266263238,9.59605410255303,0,1.30860077861746,5.58202365103421
